Category,Question,Explanation,Answer,isRight,Answer,isRight,...
"PC Grundlagen","Was bedeutet die Abkürzung CPU?","Die CPU ist das zentrale Rechenelement eines Computers.","Central Processing Unit",1,"Central Power Unit",0,"Computer Personal Unit",0,"Central Processor Unit",0
"PC Grundlagen","Was ist RAM?","RAM ist der flüchtige Speicher eines Computers der schnell Daten speichern und abrufen kann.","Readily Accessible Memory",0,"Random Access Memory",1,"Read-Only Memory",0,"Remote Access Memory",0
"PC Grundlagen","Welches dieser Geräte ist ein Eingabegerät?","Die Maus ist ein Gerät mit dem Benutzer Daten in den Computer eingeben können.",Drucker,0,Monitor,0,Maus,1,Lautsprecher,0
"PC Grundlagen","Was ist die Hauptaufgabe eines Betriebssystems?","Das Betriebssystem verwaltet die Hardware und bietet grundlegende Dienste für Computerprogramme.","Hardware reparieren",0,"Software verkaufen",0,"Hardware verwalten",1,"Software entwickeln",0
"PC Grundlagen","Welche Speicherart ist flüchtig?","RAM verliert seine gespeicherten Daten wenn der Computer ausgeschaltet wird.",ROM,0,SSD,0,Harddisk,0,RAM,1
"PC Grundlagen","Welche Schnittstelle wird hauptsächlich für Monitore verwendet?","HDMI ist eine weit verbreitete Schnittstelle für die Übertragung von Video- und Audiosignalen.",USB,0,HDMI,1,Ethernet,0,VGA,0
"PC Grundlagen","Welcher Dateityp ist eine ausführbare Datei?","Dateien mit der Endung .exe sind ausführbare Dateien die Programme starten.",.docx,0,.exe,1,.mp3,0,.jpg,0
"PC Grundlagen","Was ist eine IP-Adresse?","Eine IP-Adresse identifiziert eindeutig ein Gerät in einem Netzwerk.","Ein Netzwerkprotokoll",0,"Eine Hardwarekomponente",0,"Eine eindeutige Netzwerkadresse",1,"Ein Speichermodul",0
"PC Grundlagen","Was bedeutet BIOS?","Das BIOS ist die Firmware die den Startvorgang eines Computers steuert.","Basic Input Output System",1,"Binary Input Output System",0,"Basic Information Output System",0,"Best Integrated Operating System",0
"PC Grundlagen","Welcher Speicher ist nicht flüchtig?","ROM speichert Daten dauerhaft auch wenn der Computer ausgeschaltet ist.",RAM,0,Cache,0,ROM,1,Register,0
"PC Grundlagen","Was ist eine Firewall?","Eine Firewall schützt ein Netzwerk vor unautorisierten Zugriffen.","Ein Speichergerät",0,"Ein Drucker",0,"Eine Sicherheitsmaßnahme",1,"Ein Netzwerkkabel",0
"PC Grundlagen","Welche der folgenden ist keine Programmiersprache?","HTML ist eine Markup-Sprache zur Strukturierung von Webseiten keine Programmiersprache.",Python,0,HTML,1,Java,0,C++,0
"PC Grundlagen","Was bedeutet URL?","Eine URL ist die Adresse einer Ressource im Internet.","Universal Resource Locator",0,"Uniform Resource Locator",1,"Uniform Resource Link",0,"Universal Resource Link",0
"PC Grundlagen","Was ist ein Byte?","Ein Byte besteht aus 8 Bits und ist eine grundlegende Maßeinheit für digitale Informationen.","Eine Einheit für die Bildschirmauflösung",0,"Eine Speichereinheit",1,"Ein Programm",0,"Ein Fehlercode",0
"PC Grundlagen","Welches der folgenden ist ein Betriebssystem?","Linux ist ein weit verbreitetes Open-Source-Betriebssystem.","Microsoft Office",0,"Adobe Photoshop",0,Linux,1,Java,0
"PC Grundlagen","Was ist die Hauptfunktion einer Festplatte?","Eine Festplatte speichert dauerhaft Daten und Programme.","Programme ausführen",0,"Daten speichern",1,"Netzwerkverbindungen verwalten",0,"Druckaufträge verwalten",0
"PC Grundlagen","Was ist ein Trojaner?","Ein Trojaner ist eine Art von Malware die sich als nützliches Programm tarnt.","Eine Art von Software",0,"Ein schädliches Programm",1,"Ein Hardwarefehler",0,"Ein Netzwerkprotokoll",0
"PC Grundlagen","Welcher der folgenden Begriffe bezieht sich auf die Auflösung eines Bildschirms?","DPI steht für Dots Per Inch und bezieht sich auf die Auflösung eines Bildschirms oder Druckers.",MHz,0,Hz,0,DPI,1,PPP,0
"PC Grundlagen","Was ist der Zweck eines Switches in einem Netzwerk?","Ein Switch leitet Datenpakete innerhalb eines Netzwerks weiter.","Datenpakete analysieren",0,"Datenpakete weiterleiten",1,"Daten verschlüsseln",0,"Daten speichern",0
"PC Grundlagen","Welches dieser Geräte ist ein Ausgabegerät?","Ein Monitor zeigt visuelle Informationen an und ist daher ein Ausgabegerät.",Tastatur,0,Scanner,0,Mikrofon,0,Monitor,1
"PC Grundlagen","Welches Protokoll wird für sichere Webkommunikation verwendet?","HTTPS ist die sichere Version von HTTP und wird für sichere Kommunikation über das Internet verwendet.",HTTP,0,FTP,0,SMTP,0,HTTPS,1
"PC Grundlagen","Was ist ein Modem?","Ein Modem moduliert und demoduliert Signale für die Kommunikation über Telefonleitungen.","Ein Gerät zur Verarbeitung von Texten",0,"Ein Gerät zur Steuerung des Bildschirms",0,"Ein Gerät zur Verbindung mit dem Internet",1,"Ein Gerät zur Speicherung von Daten",0
"PC Grundlagen","Was bedeutet SSD?","Eine SSD ist ein Speichergerät das Flash-Speicher zur Speicherung von Daten verwendet.","Solid State Drive",1,"Secure Storage Device",0,"Simple Storage Device",0,"Safe Storage Drive",0
"PC Grundlagen","Welcher der folgenden Speicher hat die höchste Geschwindigkeit?","RAM ist der schnellste Speicher da er direkt mit der CPU verbunden ist.",Festplatte,0,DVD,0,RAM,1,USB-Stick,0
"PC Grundlagen","Was ist ein Router?","Ein Router leitet Datenpakete zwischen verschiedenen Netzwerken weiter.","Ein Speichergerät",0,"Ein Netzwerkgerät",1,"Ein Anzeigegerät",0,"Ein Eingabegerät",0
"PC Grundlagen","Was ist ein Proxy-Server?","Ein Proxy-Server agiert als Vermittler zwischen einem Client und einem Zielserver.","Ein Webserver",0,"Ein E-Mail-Server",0,"Ein Vermittlungsserver",1,"Ein Datenbankserver",0
"PC Grundlagen","Was bedeutet HTTP?","HTTP ist das Protokoll für die Übertragung von Webseiten über das Internet.","HyperText Transfer Protocol",1,"HyperText Transmission Protocol",0,"HighText Transfer Protocol",0,"HighText Transmission Protocol",0
"PC Grundlagen","Was ist ein VPN?","Ein VPN ermöglicht eine sichere Verbindung über ein öffentliches Netzwerk.","Virtual Private Network",1,"Very Personal Network",0,"Virtual Public Network",0,"Very Private Network",0
"PC Grundlagen","Was bedeutet GUI?","Eine GUI ermöglicht Benutzern die Interaktion mit dem Computer über grafische Symbole.","Graphic User Interface",0,"General User Interface",0,"Graphical User Interface",1,"General Utility Interface",0
"PC Grundlagen","Was ist ein Motherboard?","Das Motherboard ist die zentrale Platine die alle Komponenten eines Computers verbindet.","Eine Art von Speichergerät",0,"Die Hauptplatine eines Computers",1,"Ein Softwareprogramm",0,"Ein Netzwerkprotokoll",0
"PC Grundlagen","Was ist die Aufgabe eines Treibers?","Ein Treiber ist eine Software die es dem Betriebssystem ermöglicht mit Hardwaregeräten zu kommunizieren.","Daten speichern",0,"Netzwerkverbindungen herstellen",0,"Hardware steuern",1,"Software entwickeln",0
"PC Grundlagen","Welcher Dateityp wird für komprimierte Dateien verwendet?","Dateien mit der Endung .zip sind komprimierte Dateien die weniger Speicherplatz benötigen.",.txt,0,.exe,0,.zip,1,.jpg,0
"PC Grundlagen","Was ist ein Bit?","Ein Bit ist die kleinste Einheit digitaler Information und kann entweder den Wert 0 oder 1 haben.","Eine Speichereinheit",0,"Eine Programmeinheit",0,"Eine Binäreinheit",1,"Eine Fehlercode-Einheit",0
"PC Grundlagen","Welches Gerät verwendet ein Betriebssystem?","Ein Computer benötigt ein Betriebssystem um zu funktionieren.",Drucker,0,Monitor,0,Computer,1,Scanner,0
"PC Grundlagen","Was ist der Zweck einer Antiviren-Software?","Antiviren-Software erkennt und entfernt schädliche Programme.","Dateien komprimieren",0,"Netzwerkverbindungen verwalten",0,"Den Computer vor Malware schützen",1,"Hardware reparieren",0
"PC Grundlagen","Was ist die Hauptaufgabe einer GPU?","Die GPU (Graphics Processing Unit) ist für die Verarbeitung von Grafikdaten verantwortlich.","Audio verarbeiten",0,"Bilder verarbeiten",1,"Daten speichern",0,"Druckaufträge verwalten",0
"PC Grundlagen","Was bedeutet LAN?","Ein LAN ist ein Netzwerk das Geräte in einem begrenzten geografischen Bereich verbindet.","Local Area Network",1,"Long Area Network",0,"Large Area Network",0,"Local Access Network",0
"PC Grundlagen","Was ist ein Cookie im Internet?","Ein Cookie speichert Informationen über Benutzeraktivitäten auf Webseiten.","Ein Textdokument",0,"Ein kleines Datenpaket",1,"Ein Bildformat",0,"Ein Programmcode",0
"PC Grundlagen","Was ist die Aufgabe eines BIOS?","Das BIOS startet den Computer und lädt das Betriebssystem.","Das Betriebssystem laden",1,"Daten speichern",0,"Druckaufträge verwalten",0,"Netzwerkverbindungen herstellen",0
"PC Grundlagen","Welches der folgenden ist ein Textverarbeitungsprogramm?","Microsoft Word ist ein weit verbreitetes Textverarbeitungsprogramm.","Mozilla Firefox",0,"Microsoft Word",1,"Adobe Photoshop",0,"Google Chrome",0
"PC Grundlagen","Was ist die Aufgabe eines Netzteils?","Das Netzteil wandelt Strom aus der Steckdose in nutzbare Energie für den Computer um.","Die CPU steuern",0,"Daten speichern",0,"Den Computer mit Strom versorgen",1,"Software ausführen",0
"PC Grundlagen","Welcher dieser Begriffe ist eine Programmiersprache?","Python ist eine weit verbreitete Programmiersprache.",HTML,0,HTTP,0,FTP,0,Python,1
"PC Grundlagen","Was bedeutet USB?","USB ist ein Standard für Verbindungen zwischen Computern und Peripheriegeräten.","Universal Serial Bus",1,"Unified Serial Bus",0,"Universal System Bus",0,"Unified System Bus",0
"PC Grundlagen","Was ist eine SSD?","Eine SSD (Solid State Drive) ist ein Speichergerät ohne bewegliche Teile.","Ein Speichergerät",1,"Ein Netzwerkgerät",0,"Ein Eingabegerät",0,"Ein Ausgabegerät",0
"PC Grundlagen","Welches dieser Geräte ist kein Eingabegerät?","Ein Monitor zeigt Informationen an und ist daher ein Ausgabegerät.",Tastatur,0,Maus,0,Scanner,0,Monitor,1
"PC Grundlagen","Welches der folgenden ist ein Open-Source-Betriebssystem?","Linux ist ein weit verbreitetes Open-Source-Betriebssystem.",Windows,0,macOS,0,Linux,1,DOS,0
"PC Grundlagen","Was bedeutet ROM?","ROM ist ein nicht-flüchtiger Speicher der dauerhaft Daten speichert.","Read Only Memory",1,"Random Access Memory",0,"Read Often Memory",0,"Read On Memory",0
"PC Grundlagen","Was ist der Zweck einer Firewall?","Antiviren-Software erkennt und entfernt schädliche Programme.","Dateien komprimieren",0,"Netzwerkverbindungen verwalten",0,"Den Computer vor Malware schützen",1,"Hardware reparieren",0
"PC Grundlagen","Welches der folgenden ist eine Programmiersprache?","Python ist eine weit verbreitete Programmiersprache.",HTML,0,HTTP,0,FTP,0,Python,1
"PC Grundlagen","Welcher Speicher ist flüchtig?","RAM verliert seine gespeicherten Daten wenn der Computer ausgeschaltet wird.",ROM,0,SSD,0,Harddisk,0,RAM,1
Netzwerk,"Was bedeutet die Abkürzung LAN?","Ein LAN ist ein lokales Netzwerk das Geräte in einem begrenzten geografischen Bereich verbindet.","Local Area Network",1,"Large Area Network",0,"Long Area Network",0,"Local Access Network",0
Netzwerk,"Welches Protokoll wird hauptsächlich für den Versand von E-Mails verwendet?","SMTP (Simple Mail Transfer Protocol) wird zum Versand von E-Mails verwendet.",FTP,0,HTTP,0,SMTP,1,IMAP,0
Netzwerk,"Was ist ein Switch?","Ein Switch verbindet mehrere Computer innerhalb eines Netzwerks.","Ein Gerät zum Verbinden von Netzwerken",0,"Ein Gerät zum Verbinden von Computern innerhalb eines Netzwerks",1,"Ein Gerät zum Senden von E-Mails",0,"Ein Gerät zum Drucken",0
Netzwerk,"Was bedeutet die Abkürzung WAN?","Ein WAN ist ein Weitverkehrsnetzwerk das große geografische Bereiche abdeckt.","Wide Area Network",1,"World Area Network",0,"Wide Access Network",0,"Wireless Area Network",0
Netzwerk,"Welches Protokoll wird für den sicheren Datenaustausch über das Internet verwendet?","HTTPS ist die sichere Version von HTTP und wird für sicheren Datenaustausch verwendet.",HTTP,0,HTTPS,1,FTP,0,TCP,0
Netzwerk,"Was bedeutet die Abkürzung DNS?","Das DNS (Domain Name System) wandelt Domainnamen in IP-Adressen um.","Domain Network Service",0,"Domain Name System",1,"Digital Network System",0,"Digital Name Service",0
Netzwerk,"Welches Protokoll wird für die Fernverwaltung von Computern verwendet?","TELNET ermöglicht die Fernverwaltung von Computern.",HTTP,0,FTP,0,TELNET,1,DNS,0
Netzwerk,"Was ist eine MAC-Adresse?","Eine MAC-Adresse ist eine eindeutige Kennung für Netzwerkgeräte.","Eine eindeutige IP-Adresse",0,"Eine Netzwerkprotokolladresse",0,"Eine Hardware-Adresse",1,"Eine E-Mail-Adresse",0
Netzwerk,"Welches der folgenden ist ein Netzwerkprotokoll?","SMTP (Simple Mail Transfer Protocol) ist ein Netzwerkprotokoll für den E-Mail-Versand.",HTML,0,SMTP,1,HTTP,0,DNS,0
Netzwerk,"Welches Protokoll wird für den Dateiübertragungsdienst verwendet?","FTP (File Transfer Protocol) wird für die Übertragung von Dateien verwendet.",FTP,1,HTTP,0,SMTP,0,DNS,0
Netzwerk,"Was bedeutet die Abkürzung DHCP?","DHCP weist Geräten in einem Netzwerk automatisch IP-Adressen zu.","Dynamic Host Configuration Protocol",1,"Domain Host Configuration Protocol",0,"Dynamic Host Control Protocol",0,"Domain Host Control Protocol",0
Netzwerk,"Was ist ein Subnetz?","Ein Subnetz ist ein untergeordnetes Teilnetzwerk innerhalb eines größeren Netzwerks.","Ein Teilnetzwerk",1,"Ein übergeordnetes Netzwerk",0,"Ein IP-Adressen-Bereich",0,"Ein Netzwerkknoten",0
Netzwerk,"Welches Protokoll wird verwendet um E-Mails vom Server abzurufen?","POP3 (Post Office Protocol 3) wird verwendet um E-Mails vom Server abzurufen.",SMTP,0,FTP,0,POP3,1,HTTP,0
Netzwerk,"Was bedeutet die Abkürzung TCP/IP?","TCP/IP ist eine Protokollfamilie für die Kommunikation in Netzwerken.","Transmission Control Protocol/Internet Protocol",1,"Transfer Control Protocol/Internet Protocol",0,"Transmission Configuration Protocol/Internet Protocol",0,"Transfer Configuration Protocol/Internet Protocol",0
Netzwerk,"Was ist ein Hub?","Ein Hub verbindet mehrere Computer innerhalb eines Netzwerks.","Ein Gerät zur Verbindung von Netzwerken",0,"Ein Gerät zur Verbindung von Computern innerhalb eines Netzwerks",1,"Ein Gerät zur Steuerung des Bildschirms",0,"Ein Gerät zur Speicherung von Daten",0
Netzwerk,"Was bedeutet die Abkürzung SSL?","SSL ist ein Sicherheitsprotokoll zur Verschlüsselung von Datenübertragungen im Internet.","Secure Sockets Layer",1,"Secure System Layer",0,"Secure Software Layer",0,"Secure Server Layer",0
Netzwerk,"Was ist ein Load Balancer?","Ein Load Balancer verteilt die Last auf mehrere Server um die Leistung zu optimieren.","Ein Gerät zur Gewichtsmessung",0,"Ein Gerät zur Lastverteilung",1,"Ein Speichergerät",0,"Ein Druckgerät",0
Netzwerk,"Welches Protokoll wird verwendet um Netzwerkgeräte zu verwalten?","SNMP (Simple Network Management Protocol) wird zur Verwaltung von Netzwerkgeräten verwendet.",HTTP,0,FTP,0,SNMP,1,DNS,0
Netzwerk,"Was ist ein Intranet?","Ein Intranet ist ein privates Netzwerk innerhalb einer Organisation.","Ein öffentliches Netzwerk",0,"Ein privates Netzwerk",1,"Ein globales Netzwerk",0,"Ein drahtloses Netzwerk",0
Netzwerk,"Was bedeutet die Abkürzung ICMP?","ICMP wird für Fehlermeldungen und Diagnosefunktionen verwendet.","Internet Control Message Protocol",1,"Internet Configuration Message Protocol",0,"Internet Control Management Protocol",0,"Internet Configuration Management Protocol",0
Netzwerk,"Was ist ein Ping?","Ein Ping-Befehl testet die Erreichbarkeit eines Hosts in einem IP-Netzwerk.","Ein Netzwerkdruck",0,"Ein Netzwerkbefehl",1,"Ein Netzwerkgerät",0,"Ein Netzwerkprotokoll",0
Netzwerk,"Was ist eine Netzwerkmaske?","Eine Netzwerkmaske definiert die Größe eines Subnetzes in einem IP-Netzwerk.","Eine Schutzvorrichtung",0,"Eine Netzwerksicherheitsmaßnahme",0,"Ein Netzwerkkonfigurationsparameter",1,"Ein Speichergerät",0
Netzwerk,"Welches Protokoll wird verwendet um Webseiten zu verschlüsseln?","HTTPS verschlüsselt Webseiten für sichere Kommunikation.",HTTP,0,HTTPS,1,FTP,0,DNS,0
Netzwerk,"Was ist eine Portnummer?","Eine Portnummer identifiziert spezifische Netzwerkdienste auf einem Host.","Eine eindeutige IP-Adresse",0,"Eine Netzwerkprotokolladresse",0,"Eine Hardware-Adresse",0,"Eine logische Adresse für Netzwerkdienste",1
Netzwerk,"Was bedeutet die Abkürzung ARP?","ARP wandelt IP-Adressen in MAC-Adressen um.","Address Resolution Protocol",1,"Address Routing Protocol",0,"Address Registration Protocol",0,"Address Remote Protocol",0
Netzwerk,"Was ist ein NAT?","NAT (Network Address Translation) wandelt private IP-Adressen in öffentliche IP-Adressen um.","Ein Speichergerät",0,"Ein Netzwerkgerät",0,"Ein Sicherheitsprotokoll",0,"Ein Übersetzungsmechanismus",1
Netzwerk,"Was ist ein SSID?","SSID (Service Set Identifier) ist der Name eines drahtlosen Netzwerks.","Ein Netzwerkprotokoll",0,"Ein Netzwerkgerät",0,"Ein Netzwerkname",1,"Ein Sicherheitsprotokoll",0
Netzwerk,"Welches Protokoll wird für den Zugriff auf entfernte Dateien verwendet?","TFTP (Trivial File Transfer Protocol) wird für den einfachen Dateiübertragungszugriff verwendet.",HTTP,0,FTP,0,TFTP,1,IMAP,0
Netzwerk,"Was ist eine DMZ in einem Netzwerk?","Eine DMZ (Demilitarized Zone) ist ein Bereich der vom internen Netzwerk und vom öffentlichen Internet getrennt ist.","Ein sicherer Bereich",0,"Ein unsicherer Bereich",0,"Ein demilitarisierter Bereich",1,"Ein privater Bereich",0
Netzwerk,"Was ist ein VLAN?","Ein VLAN (Virtual Local Area Network) trennt Netzwerke logisch unabhängig von ihrer physischen Verbindung.","Ein virtuelles Netzwerksegment",1,"Ein öffentliches Netzwerk",0,"Ein drahtloses Netzwerk",0,"Ein globales Netzwerk",0
Netzwerk,"Was bedeutet die Abkürzung BGP?","BGP ist ein Protokoll zum Austausch von Routing-Informationen zwischen autonomen Systemen.","Border Gateway Protocol",1,"Boundary Gateway Protocol",0,"Binary Gateway Protocol",0,"Base Gateway Protocol",0
Netzwerk,"Was ist eine Gateway-Adresse?","Eine Gateway-Adresse ist die IP-Adresse eines Netzwerkgeräts das als Ausgangspunkt für den Zugriff auf andere Netzwerke dient.","Eine Hardwareadresse",0,"Eine Netzwerkadresse",0,"Eine IP-Adresse eines Netzwerkgeräts",1,"Ein Netzwerkprotokoll",0
Netzwerk,"Welches Protokoll wird für die Auflösung von Domänennamen verwendet?","DNS (Domain Name System) wandelt Domänennamen in IP-Adressen um.",HTTP,0,FTP,0,DNS,1,TCP,0
Netzwerk,"Was ist eine Broadcast-Adresse?","Eine Broadcast-Adresse ermöglicht die Übertragung von Nachrichten an alle Geräte in einem Netzwerksegment.","Eine spezifische IP-Adresse",0,"Eine IP-Adresse für den Versand an alle Geräte im Netzwerk",1,"Ein Netzwerkgerät",0,"Ein Speichergerät",0
Netzwerk,"Was bedeutet die Abkürzung OSPF?","OSPF ist ein Routing-Protokoll für IP-Netzwerke.","Open Shortest Path First",1,"Open Source Path First",0,"Open Short Path First",0,"Open Shortest Protocol First",0
Netzwerk,"Was ist ein Honeypot in der Netzwerksicherheit?","Ein Honeypot ist eine Falle für potenzielle Angreifer um deren Aktivitäten zu überwachen.","Ein Netzwerkgerät",0,"Ein Netzwerkprotokoll",0,"Eine Sicherheitsmaßnahme",1,"Ein Speichergerät",0
Netzwerk,"Was bedeutet die Abkürzung WLAN?","WLAN ist ein drahtloses lokales Netzwerk.","Wide Local Area Network",0,"Wireless Local Area Network",1,"Wide Local Access Network",0,"Wireless Local Access Network",0
Netzwerk,"Was ist ein Traceroute?","Traceroute zeigt den Weg der Datenpakete in einem Netzwerk an.","Ein Netzwerkgerät",0,"Ein Netzwerkprotokoll",0,"Ein Netzwerkdiagnosewerkzeug",1,"Ein Speichergerät",0
Netzwerk,"Was ist ein Botnet?","Ein Botnet ist ein Netzwerk von Computern die mit Malware infiziert sind und unter der Kontrolle eines Angreifers stehen.","Ein Netzwerk von Computern die für Berechnungen verwendet werden",0,"Ein Netzwerk von infizierten Computern",1,"Ein Netzwerk von sicheren Computern",0,"Ein Netzwerk von Routern",0
Netzwerk,"Welches Protokoll wird verwendet um E-Mails abzurufen?","IMAP (Internet Message Access Protocol) wird verwendet um E-Mails von einem Server abzurufen.",SMTP,0,IMAP,1,HTTP,0,FTP,0
Netzwerk,"Was ist ein Hotspot?","Ein Hotspot ermöglicht drahtlosen Internetzugang an öffentlichen Orten.","Ein drahtloser Zugangspunkt",1,"Ein Netzwerkgerät",0,"Ein Speichermedium",0,"Ein Sicherheitsprotokoll",0
Netzwerk,"Welches Protokoll wird verwendet um IP-Adressen in MAC-Adressen umzuwandeln?","ARP (Address Resolution Protocol) wandelt IP-Adressen in MAC-Adressen um.",DHCP,0,ARP,1,ICMP,0,DNS,0
Netzwerk,"Was bedeutet die Abkürzung FTP?","FTP wird für die Übertragung von Dateien verwendet.","File Transfer Protocol",1,"File Transmission Protocol",0,"File Transport Protocol",0,"File Tracking Protocol",0
Netzwerk,"Was bedeutet die Abkürzung NAT?","NAT wandelt private IP-Adressen in öffentliche IP-Adressen um.","Network Address Translation",1,"Network Address Transmission",0,"Network Access Translation",0,"Network Access Transmission",0
Netzwerk,"Was ist eine SSID?","SSID (Service Set Identifier) ist der Name eines drahtlosen Netzwerks.","Ein Netzwerkprotokoll",0,"Ein Netzwerkgerät",0,"Ein Netzwerkname",1,"Ein Sicherheitsprotokoll",0
Netzwerk,"Welches Gerät wird verwendet um ein Netzwerk zu segmentieren?","Eine Bridge segmentiert ein Netzwerk und leitet Daten zwischen den Segmenten weiter.",Router,0,Switch,0,Hub,0,Bridge,1
Datenbank,"Was bedeutet die Abkürzung SQL?","SQL ist die Abkürzung für Structured Query Language und wird zur Verwaltung und Abfrage von Daten in relationalen Datenbanksystemen verwendet.","Structured Query Language",1,"Standard Query Language",0,"Simple Query Language",0,"System Query Language",0
Datenbank,"Welcher der folgenden Befehle wird verwendet um Daten in eine Tabelle einzufügen?","Der INSERT-Befehl wird verwendet um Daten in eine Tabelle einzufügen.",INSERT,1,UPDATE,0,DELETE,0,SELECT,0
Datenbank,"Was ist ein Primärschlüssel?","Ein Primärschlüssel ist eine Spalte oder eine Kombination von Spalten die jeden Datensatz in einer Tabelle eindeutig identifiziert.","Eine eindeutige Spalte",1,"Eine nicht eindeutige Spalte",0,"Eine Spalte mit Duplikaten",0,"Eine Spalte mit NULL-Werten",0
Datenbank,"Welche SQL-Anweisung wird verwendet um Daten aus einer Datenbank abzurufen?","Die SELECT-Anweisung wird verwendet um Daten aus einer Datenbank abzurufen.",SELECT,1,INSERT,0,UPDATE,0,DELETE,0
Datenbank,"Was ist eine Normalisierung?","Normalisierung ist der Prozess der Organisation von Daten in einer Datenbank um Redundanzen zu reduzieren.","Der Prozess der Datenbank-Optimierung",1,"Der Prozess der Datenbank-Redundanz",0,"Der Prozess der Datenbank-Indizierung",0,"Der Prozess der Datenbank-Denormalisierung",0
Datenbank,"Was ist eine Fremdschlüsselbeziehung?","Eine Fremdschlüsselbeziehung ist eine Beziehung zwischen zwei Tabellen bei der eine Spalte (der Fremdschlüssel) auf den Primärschlüssel einer anderen Tabelle verweist.","Eine Beziehung zwischen zwei Tabellen",1,"Eine Beziehung zwischen zwei Spalten",0,"Eine Beziehung zwischen zwei Datenbanken",0,"Eine Beziehung zwischen zwei Indexen",0
Datenbank,"Welcher der folgenden Befehle wird verwendet um Daten in einer Tabelle zu ändern?","Der UPDATE-Befehl wird verwendet um bestehende Daten in einer Tabelle zu ändern.",UPDATE,1,INSERT,0,DELETE,0,SELECT,0
Datenbank,"Welcher der folgenden Befehle wird verwendet um eine Tabelle zu löschen?","Der DROP-Befehl wird verwendet um eine Tabelle vollständig aus der Datenbank zu löschen.",DROP,1,DELETE,0,REMOVE,0,TRUNCATE,0
Datenbank,"Was ist eine JOIN-Operation in SQL?","Die JOIN-Operation wird verwendet um Daten aus mehreren Tabellen basierend auf einer verwandten Spalte zu kombinieren.","Eine Operation um Daten aus mehreren Tabellen zu kombinieren",1,"Eine Operation um Daten aus einer Tabelle zu löschen",0,"Eine Operation um Daten in eine Tabelle einzufügen",0,"Eine Operation um Daten in einer Tabelle zu ändern",0
Datenbank,"Welcher der folgenden Befehle wird verwendet um eine neue Datenbank zu erstellen?","Der CREATE-Befehl wird verwendet um eine neue Datenbank zu erstellen.",CREATE,1,DROP,0,INSERT,0,SELECT,0
Datenbank,"Was bedeutet die Abkürzung DML?","DML steht für Data Manipulation Language und umfasst SQL-Befehle wie SELECT INSERT UPDATE und DELETE.","Data Manipulation Language",1,"Data Management Language",0,"Database Manipulation Language",0,"Database Management Language",0
Datenbank,"Welche SQL-Anweisung wird verwendet um eine Tabelle zu ändern?","Die ALTER-Anweisung wird verwendet um die Struktur einer bestehenden Tabelle zu ändern.",ALTER,1,DROP,0,INSERT,0,UPDATE,0
Datenbank,"Was ist ein VIEW in SQL?","Ein VIEW ist eine virtuelle Tabelle die auf dem Ergebnis einer SQL-Abfrage basiert.","Eine virtuelle Tabelle basierend auf dem Ergebnis einer SQL-Abfrage",1,"Eine permanente Tabelle",0,"Ein temporärer Datensatz",0,"Eine zusätzliche Datenbank",0
Datenbank,"Was ist eine Datenbankabfrage?","Eine Datenbankabfrage ist eine Anweisung die verwendet wird um Daten aus einer Datenbank abzurufen.","Eine Anweisung um Daten aus einer Datenbank abzurufen",1,"Eine Anweisung um Daten in eine Datenbank einzufügen",0,"Eine Anweisung um Daten in einer Datenbank zu ändern",0,"Eine Anweisung um eine Datenbank zu löschen",0
Datenbank,"Was bedeutet die Abkürzung DDL?","DDL steht für Data Definition Language und umfasst SQL-Befehle wie CREATE ALTER und DROP.","Data Definition Language",1,"Data Description Language",0,"Database Definition Language",0,"Database Description Language",0
Datenbank,"Was ist ein Schema in einer Datenbank?","Ein Schema beschreibt die Struktur und die Organisation der Daten in einer Datenbank.","Eine Struktur die die Organisation von Daten beschreibt",1,"Ein SQL-Befehl",0,"Ein Datenbank-Benutzer",0,"Ein Backup der Datenbank",0
Datenbank,"Welcher der folgenden Befehle wird verwendet um eine Tabelle zu leeren?","Der TRUNCATE-Befehl wird verwendet um alle Daten aus einer Tabelle zu entfernen ohne die Tabelle selbst zu löschen.",TRUNCATE,1,DELETE,0,DROP,0,REMOVE,0
Datenbank,"Was ist der Unterschied zwischen DELETE und TRUNCATE?"," DELETE entfernt einzelne Zeilen basierend auf einer Bedingung während TRUNCATE alle Zeilen aus einer Tabelle entfernt.","DELETE entfernt einzelne Zeilen TRUNCATE entfernt alle Zeilen",1,"DELETE entfernt alle Zeilen TRUNCATE entfernt einzelne Zeilen",0,"DELETE löscht die Tabelle TRUNCATE löscht die Datenbank",0,"DELETE erstellt ein Backup TRUNCATE erstellt kein Backup",0
Datenbank,"Was ist eine relationale Datenbank?","Eine relationale Datenbank organisiert Daten in Tabellen die durch Beziehungen miteinander verbunden sind.","Eine Datenbank die Daten in Tabellen organisiert",1,"Eine Datenbank die Daten in Dokumenten organisiert",0,"Eine Datenbank die Daten in Schlüssel-Wert-Paaren organisiert",0,"Eine Datenbank die Daten in Graphen organisiert",0
Datenbank,"Welcher der folgenden Datentypen speichert Text?","Der Datentyp VARCHAR wird verwendet um Text zu speichern.",VARCHAR,1,INT,0,FLOAT,0,DATE,0
Datenbank,"Was ist ein Clustered Index?","Ein Clustered Index bestimmt die physische Reihenfolge der Daten in der Tabelle und ist in der Regel der Primärschlüssel.","Ein Index der die physische Reihenfolge der Daten in der Tabelle bestimmt",1,"Ein Index der keine physische Reihenfolge hat",0,"Ein temporärer Index",0,"Ein zusätzlicher Datensatz",0
Datenbank,"Was ist eine Datenbanktransaktion?","Eine Datenbanktransaktion ist eine Abfolge von Operationen die entweder vollständig ausgeführt oder vollständig zurückgesetzt werden.","Eine Abfolge von Datenbankoperationen die als eine Einheit betrachtet werden",1,"Eine einzelne SQL-Abfrage",0,"Ein Datenbank-Backup",0,"Ein Datenbank-Fehler",0
Datenbank,"Was ist der Zweck eines Datenbankindex?","Ein Datenbankindex wird verwendet um den schnellen Zugriff auf die Daten in einer Tabelle zu ermöglichen.","Den schnellen Zugriff auf Daten zu ermöglichen",1,"Die Datenbank zu sichern",0,"Die Datenbank zu löschen",0,"Die Datenbank zu aktualisieren",0
Datenbank,"Was bedeutet die Abkürzung RDBMS?","RDBMS steht für Relational Database Management System und bezeichnet ein System zur Verwaltung relationaler Datenbanken.","Relational Database Management System",1,"Real-time Database Management System",0,"Remote Database Management System",0,"Read-only Database Management System",0
Datenbank,"Was ist ein Sekundärschlüssel?","Ein Sekundärschlüssel ist ein zusätzlicher Schlüssel der zur Indizierung und zum schnellen Zugriff auf Daten verwendet wird aber nicht der Primärschlüssel ist.","Ein zusätzlicher Schlüssel der nicht der Primärschlüssel ist",1,"Der Primärschlüssel",0,"Ein Fremdschlüssel",0,"Ein temporärer Schlüssel",0
Datenbank,"Was ist der Unterschied zwischen UNION und UNION ALL in SQL?","UNION kombiniert die Ergebnisse zweier Abfragen und entfernt Duplikate während UNION ALL alle Ergebnisse einschließlich Duplikaten kombiniert.","UNION entfernt Duplikate UNION ALL behält alle Duplikate",1,"UNION behält alle Duplikate UNION ALL entfernt Duplikate",0,"Es gibt keinen Unterschied",0,"UNION entfernt NULL-Werte UNION ALL behält NULL-Werte",0
Datenbank,"Was ist eine Datenbankansicht?","Eine Datenbankansicht ist eine virtuelle Tabelle die auf dem Ergebnis einer SQL-Abfrage basiert und keine eigenen Daten speichert.","Eine virtuelle Tabelle die auf dem Ergebnis einer SQL-Abfrage basiert",1,"Eine permanente Tabelle",0,"Ein temporärer Datensatz",0,"Eine zusätzliche Datenbank",0
Datenbank,"Was ist ein Trigger in einer Datenbank?","Ein Trigger ist ein gespeichertes SQL-Skript das automatisch ausgeführt wird wenn bestimmte Ereignisse in der Datenbank eintreten.","Ein gespeichertes SQL-Skript das bei bestimmten Ereignissen ausgeführt wird",1,"Ein temporärer Datensatz",0,"Ein Mechanismus zur Datensicherung",0,"Ein Schlüssel zum Verschlüsseln von Daten",0
Datenbank,"Was ist ein Datenbank-Snapshot?","Ein Datenbank-Snapshot ist ein Abbild des aktuellen Zustands der Datenbank zu einem bestimmten Zeitpunkt.","Ein Abbild des aktuellen Zustands der Datenbank",1,"Ein Backup der Datenbank",0,"Ein temporärer Datensatz",0,"Ein Mechanismus zur Datensicherung",0
Datenbank,"Was bedeutet die Abkürzung OLAP?","OLAP steht für Online Analytical Processing und bezeichnet Systeme zur Unterstützung von Analyse- und Abfragevorgängen.","Online Analytical Processing",1,"Online Access Processing",0,"Online Active Processing",0,"Online Analysis Processing",0
Datenbank,"Was ist ein Rollback in einer Datenbank?","Ein Rollback setzt Änderungen in einer Datenbank zurück und stellt den vorherigen Zustand wieder her.","Das Zurücksetzen von Änderungen",1,"Das Bestätigen von Änderungen",0,"Das Löschen von Daten",0,"Das Einfügen von Daten",0
Datenbank,"Was ist ein Commit in einer Datenbank?","Ein Commit bestätigt alle Änderungen die während einer Transaktion vorgenommen wurden.","Das Bestätigen von Änderungen",1,"Das Zurücksetzen von Änderungen",0,"Das Löschen von Daten",0,"Das Einfügen von Daten",0
Datenbank,"Was bedeutet die Abkürzung ERD?","ERD steht für Entity Relationship Diagram und ist eine grafische Darstellung der Beziehungen zwischen Entitäten in einer Datenbank.","Entity Relationship Diagram",1,"Entity Resource Diagram",0,"Entity Relationship Database",0,"Entity Resource Database",0
Datenbank,"Was ist eine Subquery?","Eine Subquery ist eine Abfrage die innerhalb einer anderen Abfrage verschachtelt ist.","Eine Abfrage innerhalb einer anderen Abfrage",1,"Eine Abfrage außerhalb einer anderen Abfrage",0,"Eine Abfrage die keine Bedingungen hat",0,"Eine Abfrage die Daten löscht",0
Datenbank,"Was ist ein Composite Key?","Ein Composite Key ist ein Schlüssel der aus mehr als einer Spalte besteht und zur eindeutigen Identifizierung eines Datensatzes verwendet wird.","Ein Schlüssel der aus mehr als einer Spalte besteht",1,"Ein Schlüssel der aus einer einzigen Spalte besteht",0,"Ein temporärer Schlüssel",0,"Ein Fremdschlüssel",0
Datenbank,"Was ist ein Cursor in SQL?","Ein Cursor ist ein Mechanismus in SQL der verwendet wird um Datensätze einer Abfrage einzeln zu durchlaufen.","Ein Mechanismus zum Durchlaufen von Datensätzen",1,"Ein temporärer Datensatz",0,"Ein Mechanismus zur Datensicherung",0,"Ein Schlüssel zum Verschlüsseln von Daten",0
Datenbank,"Was bedeutet die Abkürzung XML?","XML steht für Extensible Markup Language und wird verwendet um strukturierte Daten zu speichern und zu transportieren.","Extensible Markup Language",1,"Executable Markup Language",0,"Extended Markup Language",0,"Exponential Markup Language",0
Datenbank,"Was ist ein Sekundärindex?","Ein Sekundärindex ist ein zusätzlicher Index der zur Indizierung und zum schnellen Zugriff auf Daten verwendet wird aber nicht der Primärindex ist.","Ein zusätzlicher Index der nicht der Primärindex ist",1,"Der Primärindex",0,"Ein Fremdschlüssel",0,"Ein temporärer Index",0
Datenbank,"Was ist ein Unique Constraint?","Ein Unique Constraint stellt sicher dass alle Werte in einer bestimmten Spalte oder einer Kombination von Spalten einzigartig sind.","Ein Zwang der sicherstellt dass alle Werte in einer Spalte einzigartig sind",1,"Ein Zwang der sicherstellt dass alle Werte in einer Spalte NULL sind",0,"Ein Zwang der sicherstellt dass alle Werte in einer Spalte identisch sind",0,"Ein Zwang der sicherstellt dass alle Werte in einer Spalte gleich sind",0
Datenbank,"Welche Art von Datenbank ist relational?","Relationale Datenbanken speichern Daten in Tabellen mit vordefinierten Beziehungen.",Hirarchisch,0,Netzwerk,0,Objektorientiert,0,Tabellenbasiert,1
Datenbank,"Was ist ein SQL JOIN?","SQL JOIN wird verwendet um Daten aus mehreren Tabellen basierend auf einer gemeinsamen Spalte zu kombinieren.","Eine Operation die zwei oder mehr Tabellen verbindet",1,"Eine Einschränkung für eine Spalte",0,"Ein Datentyp",0,"Eine spezielle Funktion",0
Datenbank,"Welches SQL-Kommando wird verwendet um Daten zu ändern?","UPDATE wird verwendet um vorhandene Datensätze in einer Tabelle zu ändern.",INSERT,0,UPDATE,1,SELECT,0,DELETE,0
Datenbank,"Welches SQL-Kommando wird verwendet um Daten einzufügen?","INSERT wird verwendet um neue Datensätze in eine Tabelle einzufügen.",INSERT,1,UPDATE,0,SELECT,0,DELETE,0
Datenbank,"Was bedeutet der Begriff ""Primary Key"" in einer Datenbank?","Der Primary Key identifiziert eindeutig jeden Datensatz in einer Tabelle.","Eine eindeutige Spalte die Datensätze identifiziert",1,"Eine Option für die Konfiguration von Servern",0,"Ein spezieller Datenbankadministrator",0,"Ein Index für schnellen Datenzugriff",0
Datenbank,"Welches SQL-Kommando wird verwendet um Daten abzurufen?","SELECT wird verwendet um Daten aus einer Datenbank abzurufen.",INSERT,0,UPDATE,0,SELECT,1,DELETE,0
Datenbank,"Welches SQL-Kommando wird verwendet um Daten zu löschen?","DELETE wird verwendet um Datensätze aus einer Tabelle zu löschen.",INSERT,0,UPDATE,0,SELECT,0,DELETE,1
Datenbank,"Welches SQL-Kommando wird verwendet um eine Datenbank zu erstellen?","CREATE wird verwendet um eine neue Datenbank zu erstellen.",CREATE,1,ALTER,0,DROP,0,SELECT,0
Datenbank,"Was ist ein Index in einer Datenbank?","Indizes verbessern die Abfrageleistung indem sie den schnellen Zugriff auf Datensätze ermöglichen.","Eine Datenbanktabelle",0,"Eine Tabelle für die Suche",0,"Ein Verzeichnis für Datensätze",0,"Ein Mechanismus für schnellen Datenzugriff",1
Datenbank,"Welches SQL-Kommando wird verwendet um eine Tabelle zu ändern?","ALTER wird verwendet um eine vorhandene Tabelle zu ändern.",CREATE,0,ALTER,1,DROP,0,SELECT,0
Datenbank,"Welche Art von Beziehung wird in einer relationalen Datenbank durch Fremdschlüssel definiert?","Ein Fremdschlüssel in einer relationalen Datenbank definiert eine Beziehung zwischen zwei Tabellen wobei eine Tabelle Zeilen enthält die auf Zeilen in einer anderen Tabelle verweisen.",Eins-zu-eins,0,Eins-zu-viele,1,Viele-zu-viele,0,"Keine der oben genannten",0
Datenbank,"Was bedeutet die Abkürzung CRUD in Bezug auf Datenbankoperationen?","CRUD steht für Create Read Update Delete - die grundlegenden Operationen für die Verwaltung von Daten in einer Datenbank.","Create Read Update Delete",1,"Create Replace Update Delete",0,"Create Read Undo Delete",0,"Create Read Update Delete",1
Datenbank,"Welche Art von Datenbank ist MongoDB?","MongoDB ist eine dokumentenorientierte NoSQL-Datenbank.","Relationale Datenbank",0,"Dokumentenorientierte Datenbank",1,"Objektorientierte Datenbank",0,"Graphenbasierte Datenbank",0
Datenbank,"Was bedeutet ""Normalization"" in Bezug auf Datenbanken?","Normalization ist der Prozess der Organisation von Daten in einer Datenbank um Redundanz und Abhängigkeiten zu minimieren.","Das Hinzufügen von Daten",0,"Umstrukturierung von Daten zur Minimierung von Redundanz und Abhängigkeiten",1,"Das Löschen von Daten",0,"Eine spezielle SQL-Operation",0
Datenbank,"Welche Art von Schlüssel ist in einer Datenbank eindeutig für jede Zeile?","Der Primärschlüssel identifiziert eindeutig jede Zeile in einer Tabelle.",Primärschlüssel,1,Sekundärschlüssel,0,"Externer Schlüssel",0,Indexschlüssel,0
Datenbank,"Welches SQL-Kommando wird verwendet um eine Tabelle zu löschen?","DROP wird verwendet um eine vorhandene Tabelle in einer Datenbank zu löschen.",CREATE,0,ALTER,0,DROP,1,SELECT,0
Datenbank,"Welches SQL-Kommando wird verwendet um eine Datenbank zu löschen?","DROP wird verwendet um eine vorhandene Datenbank zu löschen.",CREATE,0,ALTER,0,DROP,1,SELECT,0
Datenbank,"Welche Art von Datenbank wird oft für große Datenmengen und komplexe Abfragen verwendet?","Relationale Datenbanken sind für komplexe Abfragen und große Datenmengen gut geeignet.","Relationale Datenbank",1,"Dokumentenorientierte Datenbank",0,"Objektorientierte Datenbank",0,"Graphenbasierte Datenbank",0
Datenbank,"Welches SQL-Kommando wird verwendet um eine Tabelle umzubenennen?","RENAME wird verwendet um den Namen einer vorhandenen Tabelle in einer Datenbank zu ändern.",RENAME,1,ALTER,0,DROP,0,SELECT,0
Datenbank,"Welche Art von Datenbank ist Oracle Database?","Oracle Database ist eine bekannte relationale Datenbank.","Relationale Datenbank",1,"Dokumentenorientierte Datenbank",0,"Objektorientierte Datenbank",0,"Graphenbasierte Datenbank",0
Datenbank,"Was bedeutet der Begriff ""Trigger"" in Bezug auf Datenbanken?","In einer Datenbank ist ein Trigger ein spezieller Mechanismus der automatisch ausgeführt wird wenn eine bestimmte Operation durchgeführt wird.","Ein spezieller SQL-Befehl",0,"Eine Hardwarekomponente",0,"Ein Netzwerkgerät",0,"Ein spezieller Datenbankmechanismus",1
Datenbank,"Welches SQL-Kommando wird verwendet um einen neuen Index zu erstellen?","CREATE wird verwendet um einen neuen Index für schnellen Zugriff auf Daten in einer Datenbank zu erstellen.",CREATE,1,ALTER,0,DROP,0,INDEX,0
Datenbank,"Welche Art von Datenbank ist Microsoft SQL Server?","Microsoft SQL Server ist eine bekannte relationale Datenbank.","Relationale Datenbank",1,"Dokumentenorientierte Datenbank",0,"Objektorientierte Datenbank",0,"Graphenbasierte Datenbank",0
Datenbank,"Was bedeutet der Begriff ""DBMS""?","DBMS (Database Management System) verwaltet eine Daten","Database Management System",1,"Data Buffer Management System",0,"Data Base Maintenance System",0,"Data Backup Management System",0
Programmierung,"Was ist der Zweck einer Schleife in der Programmierung?","Eine Schleife wird verwendet um eine Gruppe von Anweisungen wiederholt auszuführen basierend auf einer Bedingung.","Wiederholung von Anweisungen",1,"Definition von Variablen",0,"Initialisierung von Arrays",0,"Verzweigung von Bedingungen",0
Programmierung,"Welche Art von Schleife wird verwendet wenn die Anzahl der Iterationen im Voraus bekannt ist?","Eine For-Schleife wird verwendet wenn die Anzahl der Iterationen im Voraus bekannt oder definiert ist.",For-Schleife,1,While-Schleife,0,Do-While-Schleife,0,If-Else-Schleife,0
Programmierung,"Was ist der Hauptzweck der Bedingungsanweisung (if-else) in der Programmierung?","Die Bedingungsanweisung wird verwendet um den Fluss des Programms basierend auf einer Bedingung zu verzweigen.","Verzweigung von Anweisungen",1,"Wiederholung von Anweisungen",0,"Initialisierung von Variablen",0,"Definition von Funktionen",0
Programmierung,"Welche der folgenden Variablenarten speichert mehrere Werte?","Arrays speichern mehrere Werte desselben Datentyps in einer einzigen Variablen.",Integer,0,Boolean,0,String,0,Array,1
Programmierung,"Wie deklariert man eine Variable in Pseudocode?","In Pseudocode wird eine Variable mit ""DEFINE var AS type"" deklariert wobei ""var"" der Name der Variablen und ""type"" der Datentyp ist.","SET var TO value",0,"DEFINE var AS type",1,"DECLARE var = value",0,"CREATE var",0
Programmierung,"Was bedeutet ""rekursive Funktion"" in der Programmierung?","Eine rekursive Funktion ist eine Funktion die sich selbst aufruft um eine Lösung zu erreichen.","Eine Funktion die sich selbst aufruft",1,"Eine Funktion mit einer Rückgabeanweisung",0,"Eine Funktion mit vielen Parametern",0,"Eine Funktion ohne Rückgabewert",0
Programmierung,"Welche Art von Variable speichert Wahrheitswerte (true/false)?","Boolean speichert Wahrheitswerte wie true oder false.",Integer,0,String,0,Boolean,1,Array,0
Programmierung,"Wie beendet man eine Schleife vorzeitig in Pseudocode?","Um eine Schleife vorzeitig zu beenden wird in Pseudocode ""BREAK"" verwendet.",BREAK,1,CONTINUE,0,EXIT,0,END,0
Programmierung,"Wie führt man eine Funktion in Pseudocode aus?","In Pseudocode wird eine Funktion mit ""CALL function()"" oder einfach ""function()"" ausgeführt.","EXECUTE function()",0,"CALL function()",1,"RUN function()",0,"START function()",0
Programmierung,"Was ist eine Funktion in der Programmierung?","Eine Funktion ist ein Unterprogramm oder eine Routine die eine bestimmte Aufgabe ausführt.","Ein Wert",0,"Eine Anweisung",0,"Ein Ausdruck",0,"Ein Unterprogramm",1
Programmierung,"Was bedeutet ""Kompilierung"" in der Programmierung?","Kompilierung ist der Prozess bei dem Quellcode in Maschinencode übersetzt wird.","Das Ausführen eines Programms",0,"Die Umwandlung von Quellcode in Maschinencode",1,"Die Überprüfung der Syntax eines Programms",0,"Die Ausgabe eines Programms",0
Programmierung,"Welche Art von Sprache ist Pseudocode?","Pseudocode ist eine informelle Darstellung einer Programmidee oder -logik.","Eine formale Programmiersprache",0,"Eine reale Programmiersprache",0,"Eine spezifische Programmiersprache",0,"Eine informelle Darstellung einer Programmidee",1
Programmierung,"Was bedeutet ""Initialisierung einer Variablen"" in der Programmierung?","Die Initialisierung einer Variablen bedeutet einen Anfangswert für eine Variable festzulegen.","Das Löschen eines Variablenwerts",0,"Die Festlegung eines Standardwerts für eine Variable",1,"Die Deklaration einer Variablen",0,"Das Speichern einer Variablen",0
Programmierung,"Was ist ein ""Algorithmus"" in der Programmierung?","In der Programmierung ist ein Algorithmus eine Reihe von Schritten oder Anweisungen die zur Lösung eines Problems ausgeführt werden.","Eine Sequenz von Anweisungen zur Lösung eines Problems",1,"Ein komplexer Code",0,"Ausdruck in einer Programmiersprache",0,"Eine Funktion die Zahlen addiert",0
Programmierung,"Welche Art von Schleife wird verwendet wenn die Bedingung am Ende überprüft wird?","Eine Do-While-Schleife überprüft die Bedingung am Ende der Schleife und führt die Schleife mindestens einmal aus.",For-Schleife,0,While-Schleife,0,Do-While-Schleife,1,If-Else-Schleife,0
Programmierung,"Wie wird eine For-Schleife in Pseudocode deklariert?","Eine For-Schleife in Pseudocode wird mit ""FOR variable = start TO end STEP step"" deklariert wobei ""variable"" die Laufvariable ""start"" der Anfangswert ""end"" der Endwert und ""step"" der Inkrementwert ist.","FOR variable = start TO end STEP step",1,"WHILE condition DO",0,"DO WHILE condition",0,"REPEAT UNTIL condition",0
Programmierung,"Was ist eine ""Variable"" in der Programmierung?","In der Programmierung ist eine Variable ein Speicherplatz der verwendet wird um Daten zu speichern und zu manipulieren.","Ein Wert",0,"Eine Anweisung",0,"Ein Ausdruck",0,"Ein Speicherplatz zum Speichern von Daten",1
Programmierung,"Wie wird eine While-Schleife in Pseudocode deklariert?","Eine While-Schleife in Pseudocode wird mit ""WHILE condition DO"" deklariert wobei ""condition"" die Bedingung ist die überprüft wird um die Schleife auszuführen.","WHILE condition DO",1,"FOR variable = start TO end STEP step",0,"DO WHILE condition",0,"REPEAT UNTIL condition",0
Programmierung,"Was bedeutet ""Deklaration einer Variablen"" in der Programmierung?","Durch die Deklaration einer Variablen wird der Variablentyp und der Name der Variablen festgelegt ohne einen Wert zuzuweisen.","Das Löschen eines Variablenwerts",0,"Die Festlegung eines Standardwerts für eine Variable",0,"Die Initialisierung einer Variablen",0,"Das Festlegen eines Variablentyps und Namens",1
Programmierung,"Was bedeutet ""Zuweisung einer Variablen"" in der Programmierung?","Durch die Zuweisung einer Variablen wird ein Wert in eine Variable gespeichert oder aktualisiert.","Das Löschen eines Variablenwerts",0,"Die Festlegung eines Standardwerts für eine Variable",0,"Das Festlegen eines Variablentyps und Namens",0,"Die Speicherung eines Werts in einer Variablen",1
Programmierung,"Was ist ein ""Datentyp"" in der Programmierung?","In der Programmierung ist ein Datentyp eine Klassifizierung die bestimmt welche Art von Daten eine Variable speichern kann.","Eine Sequenz von Anweisungen",0,"Ein Wert",0,"Ein Speicherplatz zum Speichern von Daten",0,"Eine Klassifizierung von Daten",1
Programmierung,"Wie wird eine If-Else-Bedingung in Pseudocode deklariert?","Eine If-Else-Bedingung in Pseudocode wird mit ""IF condition THEN"" deklariert wobei ""condition"" die Bedingung ist die überprüft wird.","IF condition THEN",1,"WHILE condition DO",0,"DO WHILE condition",0,"REPEAT UNTIL condition",0
Programmierung,"Welches der folgenden ist ein Beispiel für einen logischen Operator in der Programmierung?","AND ist ein logischer Operator der in der Programmierung verwendet wird um Bedingungen zu verknüpfen und zu überprüfen.",+,0,/,0,AND,1,=,0
Programmierung,"Was ist eine ""Konstante"" in der Programmierung?","Eine Konstante ist ein unveränderlicher Wert der während der Programmausführung konstant bleibt.","Ein Wert",0,"Eine Anweisung",0,"Ein Ausdruck",0,"Ein unveränderlicher Wert",1
Programmierung,"Welche Art von Operator wird verwendet um Werte zu vergleichen?","Vergleichsoperatoren werden verwendet um Werte zu vergleichen und Bedingungen in der Programmierung zu überprüfen.",Rechenoperator,0,"Logischer Operator",0,Vergleichsoperator,1,Attributionsoperator,0
Programmierung,"Welche Art von Operator wird verwendet um zwei Werte zusammenzuführen?","Der Konkatenationsoperator wird verwendet um zwei Zeichenfolgen oder Werte zusammenzuführen.",Rechenoperator,0,"Logischer Operator",0,Vergleichsoperator,0,Konkatenationsoperator,1
Programmierung,"Was ist ein ""Array"" in der Programmierung?","In der Programmierung ist ein Array eine sequenzielle Datenstruktur die eine Sammlung von Elementen desselben Datentyps enthält.","Eine sequenzielle Datenstruktur",1,"Ein Wert",0,"Ein Ausdruck",0,"Eine Funktion",0
Programmierung,"Was ist eine ""Schleife"" in der Programmierung?","In der Programmierung ist eine Schleife eine Sequenz von Anweisungen die wiederholt ausgeführt wird basierend auf einer Bedingung.","Eine Anweisung",0,"Ein Wert",0,"Ein Ausdruck",0,"Eine Sequenz von Anweisungen",1
Programmierung,"Was bedeutet ""Programmablaufplan"" in der Programmierung?","In der Programmierung ist ein Programmablaufplan eine graphische Darstellung der Schritte oder Prozesse eines Programms.","Eine Darstellung der Programmlaufbahn",1,"Ein spezieller Code",0,"Ein Datenbankkonzept",0,"Ein Kompilierungsschema",0
Programmierung,"Was bedeutet ""Pseudocode"" in der Programmierung?","Pseudocode ist eine informelle Darstellung einer Programmidee oder -logik.","Eine formale Programmiersprache",0,"Eine reale Programmiersprache",0,"Eine spezifische Programmiersprache",0,"Eine informelle Darstellung einer Programmidee",1
Programmierung,"Was bedeutet ""Debugging"" in der Programmierung?","Debugging ist der Prozess des Identifizierens und Entfernens von Fehlern oder Fehlfunktionen aus einem Computerprogramm.","Das Entfernen von Fehlern aus dem Code",1,"Die Ausführung eines Programms",0,"Die Kompilierung eines Programms",0,"Die Programmierung von neuen Funktionen",0
Programmierung,"Welche Art von Anweisung wird verwendet um Daten zu speichern?","Die Zuweisungsanweisung wird verwendet um einen Wert in eine Variable zu speichern oder zu aktualisieren.",Variable,0,Datentyp,0,Speicher,0,Zuweisung,1
Programmierung,"Welche Art von Anweisung wird verwendet um eine Bedingung zu überprüfen?","Verzweigungsanweisungen werden verwendet um den Programmfluss basierend auf einer Bedingung zu verzweigen.",Schleifenanweisung,0,Verzweigungsanweisung,1,Attributionsanweisung,0,Funktionsanweisung,0
Programmierung,"Was bedeutet ""Komplexität"" in der Programmierung?","In der Programmierung bezieht sich die Komplexität auf die Schwierigkeit eines Programms oder Algorithmus basierend auf seiner Struktur oder Ausführungszeit.","Die Schwierigkeit eines Programms oder Algorithmus",1,"Die Länge eines Programms",0,"Ein Programmierfehler",0,"Ein spezieller Befehl",0
Programmierung,"Welche Art von Anweisung wird verwendet um eine Operation auszuführen?","In der Programmierung wird eine Operation verwendet um eine bestimmte Aktion oder Berechnung durchzuführen.",Attributionsanweisung,0,Variable,0,Operation,1,Anforderung,0
Programmierung,"Was bedeutet ""Struktogramm"" in der Programmierung?","In der Programmierung ist ein Struktogramm eine grafische Darstellung der Struktur oder des Flussdiagramms eines Programms.","Eine grafische Darstellung einer Programmstruktur",1,"Eine spezielle Programmiersprache",0,"Ein Datenbankdiagramm",0,"Ein spezieller Algorithmus",0
Programmierung,"Welche Art von Anweisung wird verwendet um eine Bedingung zu wiederholen?","Schleifenanweisungen werden verwendet um eine Gruppe von Anweisungen wiederholt auszuführen basierend auf einer Bedingung.",Schleifenanweisung,1,Verzweigungsanweisung,0,Attributionsanweisung,0,Funktionsanweisung,0
Programmierung,"Was bedeutet ""Iteration"" in der Programmierung?","In der Programmierung bezieht sich Iteration auf die wiederholte Ausführung einer Schleife oder eines Programms.","Die Wiederholung einer Schleife",1,"Eine spezielle Variable",0,"Ein spezieller Befehl",0,"Ein Programmierkonzept",0
Programmierung,"Wie wird eine Funktion in Pseudocode definiert?","In Pseudocode wird eine Funktion mit ""FUNCTION function() RETURNS type"" definiert wobei ""function"" der Name der Funktion und ""type"" der Rückgabetyp ist.","DEFINE function AS type",0,"FUNCTION function() RETURNS type",1,"CREATE function WITH type",0,"SET function TO type",0
Programmierung,"Was bedeutet ""Programmierung"" in der Informatik?","Informatik bezieht sich auf das Schreiben von Anweisungen oder Code zur Steuerung eines Computers oder zur Lösung von Problemen.","Das Schreiben von Anweisungen zur Steuerung eines Computers",1,"Das Schreiben von Zeichen",0,"Das Erstellen von Netzwerken",0,"Das Verwenden von Betriebssystemen",0
Programmierung,"Was ist ein ""Funktionsaufruf"" in der Programmierung?","Ein Funktionsaufruf ist eine Anweisung die verwendet wird um eine Funktion in einem Programm auszuführen und den Rückgabewert zu erhalten.","Eine Anweisung zur Ausführung von Code",1,"Eine Anweisung zum Entfernen von Code",0,"Eine Anweisung zur Überprüfung von Code",0,"Eine Anweisung zur Überarbeitung von Code",0
Programmierung,"Welches der folgenden ist ein Beispiel für eine Variable in der Programmierung?","Eine Variable in der Programmierung speichert Daten oder Werte die im Programm verwendet werden.",Variable,1,Operation,0,Anweisung,0,Anforderung,0
Programmierung,"Welche Art von Programmiersprache ist Java?","Java ist eine Hochsprache die für ihre Plattformunabhängigkeit und Vielseitigkeit bekannt ist.",Hochsprache,1,"Niedrige Sprache",0,Assemblersprache,0,Hardware-Sprache,0
Programmierung,"Was bedeutet ""Ausdruck"" in der Programmierung?","In der Programmierung bezieht sich ein Ausdruck auf eine Berechnung oder Wertzuweisung die ausgewertet und verwendet werden kann.","Eine Anweisung",0,"Eine Berechnung",1,"Ein Verfahren",0,"Ein Programmierfehler",0
Programmierung,"Welche Art von Anweisung wird verwendet um Daten in einer Variable zu speichern?","Eine Zuweisungsanweisung wird verwendet um einen Wert in einer Variablen zu speichern oder zu aktualisieren.",Attributionsanweisung,1,Variable,0,Operation,0,Anforderung,0
Programmierung,"Wie wird eine Konstante in Pseudocode deklariert?","In Pseudocode wird eine Konstante mit ""DEFINE constant AS value"" deklariert wobei ""constant"" der Name der Konstanten und ""value"" der Wert ist.","DEFINE constant AS value",1,"SET constant TO value",0,"DECLARE constant = value",0,"CREATE constant",0
Programmierung,"Was bedeutet ""Syntax"" in der Programmierung?","In der Programmierung bezieht sich Syntax auf die Struktur oder Grammatik einer Programmiersprache die bestimmt wie Anweisungen geschrieben oder interpretiert werden.","Die Struktur oder Grammatik einer Programmiersprache",1,"Ein spezieller Code",0,"Ein Datenbankdiagramm",0,"Ein Algorithmus",0
Programmierung,"Was ist ein ""Kommentar"" in der Programmierung?","In der Programmierung ist ein Kommentar eine Notiz oder Erklärung im Code die für Entwickler lesbar ist und keine Auswirkungen auf die Programmausführung hat.","Eine Anweisung",0,"Ein Ausdruck",0,"Eine Notiz im Code",1,"Ein spezielles Programm",0
Programmierung,"Welche Art von Anweisung wird verwendet um eine Schleife zu beenden?","Die Anweisung ""BREAK"" wird verwendet um eine Schleife vorzeitig zu beenden und den Programmfluss zu verlassen.",BREAK,1,CONTINUE,0,EXIT,0,END,0
Programmierung,"Welche Art von Anweisung wird verwendet um eine Bedingung zu überprüfen und den Programmfluss zu verzweigen?","Verzweigungsanweisungen werden verwendet um den Programmfluss basierend auf einer Bedingung zu verzweigen.",Verzweigungsanweisung,1,Schleifenanweisung,0,Attributionsanweisung,0,Funktionsanweisung,0
Programmierung,"Was bedeutet ""Operation"" in der Programmierung?","In der Programmierung bezieht sich eine Operation auf eine Berechnung Aktion oder Prozess der in einem Programm durchgeführt wird.","Eine Anweisung",0,"Eine Berechnung",1,"Ein Verfahren",0,"Ein Programmierfehler",0
Programmierung,"Wie wird eine Variable in Pseudocode deklariert?","In Pseudocode wird eine Variable mit ""DEFINE variable AS type"" deklariert wobei ""variable"" der Name der Variablen und ""type"" der Datentyp ist.","DEFINE variable AS type",1,"SET variable TO value",0,"DECLARE variable = value",0,"CREATE variable",0
Betriebssysteme,"Welches Betriebssystem verwendet den Linux-Kernel?","Der Linux-Kernel ist die Basis vieler Linux-basierter Betriebssysteme.",Windows,0,macOS,0,Linux,1,Android,0
Betriebssysteme,"Welche Windows-Version wurde nach Windows 8 veröffentlicht?","Windows 10 wurde nach Windows 8 veröffentlicht und ist die aktuelle Version.","Windows 9",0,"Windows 10",1,"Windows 11",0,"Windows 12",0
Betriebssysteme,"Welches der folgenden ist ein Linux-basiertes Betriebssystem für Anwendungen im Unternehmensbereich?","Ubuntu ist eine beliebte Linux-Distribution die sowohl für Desktop- als auch für Unternehmensanwendungen verwendet wird.",Ubuntu,1,Fedora,0,Debian,0,Android,0
Betriebssysteme,"Was ist der Standard-Dateimanager in Windows?","Der File Explorer ist der Standard-Dateimanager in Windows.","File Explorer",1,Nautilus,0,Terminal,0,Dolphin,0
Betriebssysteme,"Welche Linux-Distribution ist bekannt für ihre Verwendung in Serverumgebungen?","CentOS ist eine Linux-Distribution die für ihre Stabilität und Verwendung in Serverumgebungen bekannt ist.",Ubuntu,0,Fedora,0,CentOS,1,Android,0
Betriebssysteme,"Was bedeutet die Abkürzung ""CLI"" in Bezug auf Linux?","CLI steht für ""Command Line Interface"" und bezeichnet die textbasierte Benutzeroberfläche in Linux.","Command Language Interface",0,"Command Line Interface",1,"Computer Language Interface",0,"Control Language Interface",0
Betriebssysteme,"Welcher Linux-Befehl wird verwendet um das aktuelle Verzeichnis anzuzeigen?","pwd zeigt das aktuelle Arbeitsverzeichnis in einem Linux-Terminal an.",ls,0,pwd,1,cd,0,cp,0
Betriebssysteme,"Welches der folgenden Dateisysteme wird von Linux nicht unterstützt?","NTFS ist ein Dateisystem das von Microsoft Windows verwendet wird und nicht nativ von Linux unterstützt wird.",ext4,0,NTFS,1,HFS+,0,FAT32,0
Betriebssysteme,"Was ist eine bekannte Desktop-Umgebung für Linux?","GNOME KDE und Unity sind bekannte Desktop-Umgebungen für Linux.",GNOME,0,KDE,0,Unity,0,"Alle oben genannten",1
Betriebssysteme,"Welche Windows-Version wurde als Nachfolger von Windows XP veröffentlicht?","Windows Vista wurde als Nachfolger von Windows XP veröffentlicht.","Windows Vista",1,"Windows 7",0,"Windows 8",0,"Windows 10",0
Betriebssysteme,"Was ist ein Hauptmerkmal von Linux im Vergleich zu Windows?","Linux ist Open Source während Windows lizenziert ist und Lizenzgebühren erfordert. Linux bietet auch eine hohe Kompatibilität und Flexibilität.","Open Source",1,Lizenzgebühren,0,Kompatibilität,0,"Alle oben genannten",0
Betriebssysteme,"Welches Linux-basierte Betriebssystem wird häufig in der Sicherheitsforschung verwendet?","Kali Linux ist eine speziell auf Sicherheitstests und Penetrationstests ausgerichtete Linux-Distribution.",Ubuntu,0,"Kali Linux",1,Debian,0,"Red Hat",0
Betriebssysteme,"Welche Windows-Edition richtet sich hauptsächlich an Unternehmen und Großkunden?","Windows Enterprise ist für Unternehmen und Großkunden konzipiert und bietet erweiterte Funktionen für Netzwerke und Sicherheit.","Windows Home",0,"Windows Professional",0,"Windows Enterprise",1,"Windows Ultimate",0
Betriebssysteme,"Welcher Befehl wird in Linux verwendet um einen Prozess zu beenden?","Der Befehl ""kill"" wird in Linux verwendet um einen laufenden Prozess zu beenden.",terminate,0,kill,1,exit,0,stop,0
Betriebssysteme,"Was ist der Hauptvorteil von virtuellen Maschinen in Betriebssystemen?","Der Hauptvorteil von virtuellen Maschinen besteht darin dass sie die Ressourcen eines physischen Computers effizient partitionieren können.",Ressourcenpartitionierung,1,"Erhöhte Speicherkapazität",0,"Verbesserte Netzwerkgeschwindigkeit",0,"Erweiterte Benutzeroberfläche",0
Betriebssysteme,"Welche der folgenden ist keine Aufgabe eines Betriebssystems?","Datenverschlüsselung ist keine primäre Aufgabe eines Betriebssystems sondern wird häufig durch spezielle Software oder Anwendungen durchgeführt.",Hardwareüberwachung,0,Softwareinstallation,0,Datenverschlüsselung,1,Grafikdesign,0
Betriebssysteme,"Was ist ein Vorteil der Verwendung von Linux-Servern gegenüber Windows-Servern?","Die Verwendung von Linux-Servern bietet den Vorteil der Kostenfreiheit im Vergleich zu Windows-Servern die lizenziert sind.",Kostenfreiheit,1,"Höhere Komplexität",0,"Bessere Benutzerfreundlichkeit",0,"Stärkere Sicherheitslücken",0
Betriebssysteme,"Welche Windows-Edition ist für den Heimgebrauch konzipiert?","Windows Home ist für den Heimgebrauch konzipiert und bietet grundlegende Funktionen für private Nutzer.","Windows Professional",0,"Windows Ultimate",0,"Windows Home",1,"Windows Enterprise",0
Betriebssysteme,"Welche der folgenden ist ein Beispiel für ein Paketverwaltungssystem in Linux?","apt-get ist ein Paketverwaltungssystem das in Debian-basierten Linux-Distributionen verwendet wird.",apt-get,1,yum,0,pkg,0,dnf,0
Betriebssysteme,"Welches Betriebssystem ist bekannt für seine Verwendung auf Servern und Workstations?","Linux ist bekannt für seine Verwendung auf Servern und Workstations aufgrund seiner Stabilität und Flexibilität.",Windows,0,macOS,0,Linux,1,Android,0
Betriebssysteme,"Was ist ein Hauptmerkmal von Windows im Vergleich zu Linux?","Windows ist ein proprietäres Betriebssystem das einer Lizenzierung unterliegt während Linux Open Source ist.","Proprietäre Lizenz",1,"Open Source",0,Kommandozeilen-Orientierung,0,"Web-basierte Benutzeroberfläche",0
Betriebssysteme,"Was ist ein Vorteil der Verwendung von Windows für Spieleentwicklung?","Windows bietet Unterstützung für DirectX eine API für Multimedia und Spieleentwicklung.",DirectX-Unterstützung,1,Kernel-Modifikationen,0,"Open Source-Lizenzierung",0,"Textbasierte Benutzeroberfläche",0
Betriebssysteme,"Welches Linux-basierte Betriebssystem wird häufig für seine Sicherheit und Datenschutzfunktionen verwendet?","Kali Linux wird häufig für Sicherheitstests und Penetrationstests verwendet.",Ubuntu,0,"Kali Linux",1,Debian,0,"Red Hat",0
Betriebssysteme,"Welches Windows-Betriebssystem wurde speziell für Tablet-Computer entwickelt?","Windows 8 wurde speziell für die Verwendung auf Tablet-Computern entwickelt.","Windows 7",0,"Windows 8",1,"Windows 10",0,"Windows XP",0
Betriebssysteme,"Welche Linux-Distribution ist bekannt für ihre Verwendung in eingebetteten Systemen und IoT-Geräten?","Embedded Linux ist eine spezialisierte Linux-Distribution für eingebettete Systeme und IoT-Geräte.",Ubuntu,0,Fedora,0,Debian,0,"Embedded Linux",1
Betriebssysteme,"Welches Windows-Feature ermöglicht es zwei Programme gleichzeitig auf dem Bildschirm anzuzeigen?","Die Snap Assist-Funktion in Windows ermöglicht es zwei Programme gleichzeitig auf dem Bildschirm anzuzeigen und sie zu verwalten.","Snap Assist",1,"Virtual Desktops",0,"Task View",0,"Action Center",0
Betriebssysteme,"Welches Linux-Betriebssystem wird häufig in der Cloud-Computing-Infrastruktur verwendet?","CentOS wird häufig in der Cloud-Computing-Infrastruktur aufgrund seiner Stabilität und Zuverlässigkeit verwendet.",Ubuntu,0,Fedora,0,"Red Hat",0,CentOS,1
Betriebssysteme,"Welche Windows-Edition ist für den Einsatz in großen Unternehmen und Organisationen vorgesehen?","Windows Enterprise bietet erweiterte Funktionen für Unternehmen und Organisationen.","Windows Home",0,"Windows Professional",0,"Windows Enterprise",1,"Windows Ultimate",0
Betriebssysteme,"Welche Linux-Distribution ist bekannt für ihre Verwendung in wissenschaftlichen Berechnungen und Forschungseinrichtungen?","Scientific Linux ist für seine Verwendung in wissenschaftlichen Berechnungen und Forschungseinrichtungen optimiert.",Ubuntu,0,Fedora,0,Debian,0,"Scientific Linux",1
Projektmanagement,"Was ist die primäre Aufgabe des Projektmanagements?","Das Projektmanagement ist verantwortlich für die Definition und Erreichung der Projektziele in Bezug auf Kosten, Termin und Qualität.","Ressourcen verwalten",0,"Projektziele definieren",1,"Projektergebnisse kontrollieren",0,"Alle der Genannten",0
Projektmanagement,"Was versteht man unter dem Begriff ""Projektzyklus""?","Der Projektzyklus beschreibt die verschiedenen Phasen eines Projekts, z.B. Initiierung, Planung, Durchführung, Kontrolle und Abschluss.","Die Dauer eines Projekts",0,"Die Phasen eines Projekts",1,"Die Wiederholung eines Projekts",0,"Den Lebenszyklus eines Produkts",0
Projektmanagement,"Welche Methode wird häufig zur Projektplanung verwendet?","Die Netzplantechnik ist eine Methode zur Darstellung und Planung von Projektaktivitäten und deren Abhängigkeiten.",Gantt-Diagramm,0,Netzplantechnik,1,Kanban,0,Scrum,0
Projektmanagement,"Was ist das wichtigste Dokument in der Projektplanung?","Der Projektstrukturplan (PSP) ist das zentrale Dokument, das die Arbeitspakete und deren Abhängigkeiten definiert.",Projekthandbuch,0,Projektstrukturplan,1,Projektantrag,0,Projektbudget,0
Projektmanagement,"Was ist die Hauptaufgabe des Projektleiters?","Der Projektleiter ist verantwortlich für die Koordination und Kontrolle aller Projektaktivitäten, um die Projektziele zu erreichen.",Ressourcenplanung,0,Risikomanagement,0,"Koordination und Kontrolle",1,Zeitmanagement,0
Projektmanagement,"Wie bezeichnet man die Bestimmung des zeitlichen Ablaufs von Aktivitäten?","Die Terminplanung legt fest, wann welche Aktivitäten im Projekt durchgeführt werden sollen.",Ressourcenplanung,0,Prozessmanagement,0,Terminplanung,1,Risikomanagement,0
Projektmanagement,"Was ist der Hauptzweck der Risikoanalyse?","Die Risikoanalyse dient dazu, potenzielle Risiken für das Projekt zu identifizieren und deren Auswirkungen abzuschätzen.","Risiken bewerten",0,"Risiken identifizieren",1,"Risiken vermeiden",0,"Alle der Genannten",0
Projektmanagement,"Welche Methode eignet sich zur Visualisierung von Prozessen?","Flussdiagramme eignen sich gut zur Visualisierung von Prozessabläufen und Entscheidungspunkten.",Netzplantechnik,0,Flussdiagramm,1,Gantt-Diagramm,0,Ishikawa-Diagramm,0
Projektmanagement,"Was versteht man unter dem Begriff ""Projektportfolio""?","Ein Projektportfolio ist eine Sammlung aller laufenden oder geplanten Projekte einer Organisation.","Eine Sammlung von Projekten",1,"Ein Projektplan",0,"Ein Projektteam",0,"Eine Projektmethode",0
Projektmanagement,"In welcher Phase des Projektmanagements erfolgt die Festlegung der Projektorganisation?","Die Festlegung der Projektorganisation, wie z.B. der Projektleiter und das Projektteam, erfolgt in der Planungsphase.",Initiierungsphase,0,Planungsphase,1,Durchführungsphase,0,Abschlussphase,0
Projektmanagement,"Was ist das Ziel der Ressourcenplanung?","Die Ressourcenplanung hat das Ziel, den Einsatz von Personal, Material und Ausrüstung im Projekt zu optimieren.","Personaleinsatz optimieren",1,"Termine planen",0,"Risiken identifizieren",0,"Kosten schätzen",0
Projektmanagement,"Welche Technik wird häufig zur Visualisierung von Ursache-Wirkungszusammenhängen verwendet?","Das Ishikawa-Diagramm (auch Ursache-Wirkungsdiagramm genannt) dient der Visualisierung von Ursachen für ein bestimmtes Problem oder Ergebnis.",Flussdiagramm,0,Netzplantechnik,0,Ishikawa-Diagramm,1,Gantt-Diagramm,0
Projektmanagement,"Was versteht man unter der Methode ""Earned Value Analysis""?","Die Earned Value Analysis ist eine Methode zur integrierten Kontrolle von Kosten, Terminen und Leistungsstand in Projekten.","Eine Projektmanagement-Methode",0,"Eine Methode zur Kostenkontrolle",0,"Eine Methode zur Terminkontrolle",0,"Eine Methode zur integrierten Projekt-Kontrolle",1
Projektmanagement,"Was ist das Hauptziel des Anforderungsmanagements?","Das Anforderungsmanagement dient der Dokumentation, Priorisierung und Verwaltung von Anforderungen an das Projekt oder Produkt.","Risiken minimieren",0,"Änderungen kontrollieren",0,"Ressourcen optimieren",0,"Anforderungen dokumentieren",1
Projektmanagement,"Welche Methode eignet sich zur Visualisierung von Prozessabläufen mit Entscheidungspunkten?","Flussdiagramme eignen sich gut zur Visualisierung von Prozessabläufen mit Entscheidungspunkten und Verzweigungen.",Gantt-Diagramm,0,Ishikawa-Diagramm,0,Flussdiagramm,1,Netzplantechnik,0
Projektmanagement,"Was ist der Hauptzweck der Projektabnahme?","Die Projektabnahme dient der Qualitätssicherung und Bestätigung, dass das Projektergebnis den Anforderungen entspricht.",Kostenkontrolle,0,Qualitätssicherung,1,Abrechnung,0,Projektdokumentation,0
Projektmanagement,"Welche Methode wird häufig zur Priorisierung von Anforderungen verwendet?","Die MoSCoW-Methode dient der Priorisierung von Anforderungen in die Kategorien ""Must have"", ""Should have"", ""Could have"" und ""Won't have"".",Netzplantechnik,0,"Earned Value Analysis",0,Ishikawa-Diagramm,0,MoSCoW-Methode,1
Projektmanagement,"Was ist das Hauptziel des Risikomanagements?","Das Hauptziel des Risikomanagements ist die Identifizierung, Bewertung und angemessene Behandlung von Projektrisiken.","Risiken akzeptieren",0,"Risiken identifizieren und bewerten",1,"Risiken vermeiden",0,"Risiken übertragen",0
Projektmanagement,"Welche Methode eignet sich zur Visualisierung von Abhängigkeiten zwischen Aktivitäten?","Die Netzplantechnik eignet sich gut zur Visualisierung von Aktivitäten und deren Abhängigkeiten in Form eines Netzplans.",Gantt-Diagramm,0,Flussdiagramm,0,Netzplantechnik,1,Ishikawa-Diagramm,0
Projektmanagement,"Was ist der Hauptzweck des Projektcontrollings?","Das Projektcontrolling dient der kontinuierlichen Überwachung des Projektfortschritts in Bezug auf Termine, Kosten und Leistung.","Projektergebnisse bewerten",0,"Projektfortschritt überwachen",1,"Projektrisiken identifizieren",0,"Projektziele definieren",0
Projektmanagement,"Welche Methode wird häufig zur Priorisierung von Projekten in einem Projektportfolio verwendet?","Scoring-Modelle werden häufig zur Priorisierung von Projekten in einem Projektportfolio basierend auf definierten Kriterien verwendet.",Netzplantechnik,0,Scoring-Modell,1,Flussdiagramm,0,"Earned Value Analysis",0
Projektmanagement,"Was ist der Hauptzweck der Projektdokumentation?","Die Projektdokumentation dient dem Wissensmanagement und der Sicherung von Erfahrungen und Lessons Learned für zukünftige Projekte.",Wissensmanagement,1,"Projektfortschritt überwachen",0,"Risiken identifizieren",0,"Projektziele definieren",0
Projektmanagement,"Welche Methode eignet sich zur Visualisierung von Abhängigkeiten zwischen Ressourcen?","Die Netzplantechnik kann auch zur Visualisierung von Ressourcenabhängigkeiten und deren Auswirkungen auf den Projektablauf verwendet werden.",Gantt-Diagramm,0,Flussdiagramm,0,Netzplantechnik,1,Ishikawa-Diagramm,0
Projektmanagement,"Was ist der Hauptzweck des Änderungsmanagements?","Das Änderungsmanagement dient der kontrollierten Umsetzung von Änderungen im Projekt, um Auswirkungen auf Termine, Kosten und Qualität zu minimieren.",Kostenkontrolle,0,Risikominimierung,0,"Änderungen kontrollieren",1,Qualitätssicherung,0
Projektmanagement,"Welche Methode eignet sich zur Visualisierung von Ursachen für Probleme?","Das Ishikawa-Diagramm (Ursache-Wirkungsdiagramm) eignet sich gut zur Visualisierung von Ursachen für ein bestimmtes Problem.",Gantt-Diagramm,0,Ishikawa-Diagramm,1,Netzplantechnik,0,Flussdiagramm,0
Projektmanagement,"Was ist das Hauptziel der Statusberichterstattung?","Die Statusberichterstattung dient dazu, den aktuellen Projektstand und -fortschritt an alle Beteiligten zu kommunizieren.","Risiken kommunizieren",0,"Projektfortschritt berichten",1,"Änderungen dokumentieren",0,"Ressourcen planen",0
Projektmanagement,"Welche Methode eignet sich zur Visualisierung von Projekten in einer Roadmap?","Eine Projektportfolio-Roadmap dient der Visualisierung und Planung von Projekten in einer zeitlichen Übersicht.",Gantt-Diagramm,0,Netzplantechnik,0,Flussdiagramm,0,Projektportfolio-Roadmap,1
Projektmanagement,"Was ist der Hauptzweck der Kommunikationsplanung?","Die Kommunikationsplanung legt fest, wer wann welche Informationen im Projekt erhält, um einen effizienten Informationsaustausch zu gewährleisten.","Risiken minimieren",0,"Informationsaustausch planen",1,"Ressourcen optimieren",0,"Kosten schätzen",0
Projektmanagement,"Welche Methode eignet sich zur Visualisierung von Arbeitsabläufen?","Flussdiagramme eignen sich gut zur Visualisierung von Arbeitsabläufen, Prozessen und Entscheidungspunkten.",Gantt-Diagramm,0,Flussdiagramm,1,Netzplantechnik,0,Ishikawa-Diagramm,0
Projektmanagement,"Was ist der Hauptzweck des Qualitätsmanagements?","Das Qualitätsmanagement dient dazu, die geforderten Qualitätsstandards für das Projektergebnis sicherzustellen.","Risiken minimieren",0,"Kosten kontrollieren",0,"Qualitätsstandards sicherstellen",1,"Termine überwachen",0
Projektmanagement,"Welche Methode eignet sich zur Visualisierung von Arbeitsaufwänden?","Gantt-Diagramme eignen sich gut zur Visualisierung von Arbeitsaufwänden und deren zeitlicher Planung.",Netzplantechnik,0,Flussdiagramm,0,Gantt-Diagramm,1,Ishikawa-Diagramm,0
Projektmanagement,"Was ist das Hauptziel des Stakeholdermanagements?","Das Stakeholdermanagement hat das Ziel, die Bedürfnisse und Erwartungen aller am Projekt beteiligten Stakeholder zu berücksichtigen und deren Zufriedenheit zu erreichen.","Stakeholder zufriedenstellen",1,"Risiken minimieren",0,"Konflikte lösen",0,"Ressourcen optimieren",0
Projektmanagement,"Welche Methode eignet sich zur Visualisierung von Prozessverbesserungen?","Flussdiagramme können gut zur Visualisierung von optimierten Prozessabläufen und Verbesserungen genutzt werden.",Gantt-Diagramm,0,Flussdiagramm,1,Ishikawa-Diagramm,0,Netzplantechnik,0
Projektmanagement,"Was ist der Hauptzweck der Projektaudit?","Das Projektaudit dient der Überprüfung, ob das Projekt den definierten Standards, Richtlinien und Vorschriften entspricht.","Konformität prüfen",1,"Risiken bewerten",0,"Qualität sicherstellen",0,"Kosten kontrollieren",0
Projektmanagement,"Welche Methode eignet sich zur Visualisierung von Projektphasen?","Gantt-Diagramme können gut zur Visualisierung von Projektphasen und deren zeitlicher Planung verwendet werden.",Gantt-Diagramm,1,Flussdiagramm,0,Ishikawa-Diagramm,0,Netzplantechnik,0
Projektmanagement,"Was ist das Hauptziel des Vertragsmanagements?","Das Vertragsmanagement umfasst alle Aktivitäten rund um das Verhandeln, Abschließen und Überwachen von Verträgen im Projekt.","Verträge verhandeln",0,"Verträge überwachen",0,"Verträge abschließen",0,"Alle der Genannten",1
Projektmanagement,"Welche Methode eignet sich zur Visualisierung von Projektrisiken?","Ein Risikoregister dient der Dokumentation und Visualisierung identifizierter Projektrisiken.",Gantt-Diagramm,0,Ishikawa-Diagramm,0,Risikoregister,1,Netzplantechnik,0
Projektmanagement,"Was ist der Hauptzweck der Projektabschlussanalyse?","Die Projektabschlussanalyse dient dazu, Lessons Learned aus dem Projekt zu dokumentieren, um aus Fehlern und Erfolgen für zukünftige Projekte zu lernen.","Projekterfolg bewerten",0,"Lessons Learned dokumentieren",1,"Budget kontrollieren",0,"Ressourcen planen",0
"Bekannte Ports","Welcher Port wird typischerweise für HTTP verwendet?","Port 80 wird typischerweise für unverschlüsselte HTTP-Verbindungen verwendet.",80,1,443,0,22,0,8080,0
"Bekannte Ports","Welcher Port wird für HTTPS verschlüsselte Verbindungen verwendet?","Port 443 wird für HTTPS verschlüsselte Verbindungen verwendet.",80,0,443,1,22,0,8080,0
"Bekannte Ports","Welcher Port wird für SSH verwendet?","Port 22 wird typischerweise für SSH (Secure Shell) verwendet.",80,0,443,0,22,1,8080,0
"Bekannte Ports","Welcher Port wird für FTP verwendet?","Port 21 wird typischerweise für FTP (File Transfer Protocol) verwendet.",80,0,443,0,21,1,25,0
"Bekannte Ports","Welcher Port wird für SMTP verwendet?","Port 25 wird für SMTP (Simple Mail Transfer Protocol) verwendet um E-Mails zu übertragen.",80,0,443,0,25,1,110,0
"Bekannte Ports","Welcher Port wird für DNS verwendet?","Port 53 wird für DNS (Domain Name System) verwendet um Domainnamen in IP-Adressen aufzulösen.",80,0,53,1,25,0,110,0
"Bekannte Ports","Welcher Port wird für Telnet verwendet?","Port 23 wird für Telnet verwendet ein Netzwerkprotokoll zur Fernsteuerung eines Computers über das Internet oder ein lokales Netzwerk.",80,0,443,0,23,1,110,0
"Bekannte Ports","Welcher Port wird für POP3 verwendet?","Port 110 wird für POP3 (Post Office Protocol Version 3) verwendet um E-Mails von einem Server abzurufen.",80,0,443,0,25,0,110,1
"Bekannte Ports","Welcher Port wird für IMAP verwendet?","Port 143 wird für IMAP (Internet Message Access Protocol) verwendet um E-Mails auf einem Server zu verwalten.",80,0,443,0,25,0,143,1
"Bekannte Ports","Welcher Port wird für SNMP verwendet?","Port 161 wird für SNMP (Simple Network Management Protocol) verwendet um Netzwerkgeräte zu überwachen und zu verwalten.",80,0,443,0,25,0,161,1
"Bekannte Ports","Welcher Port wird für LDAP verwendet?","Port 389 wird für LDAP (Lightweight Directory Access Protocol) verwendet um Informationen aus einem Verzeichnisdienst abzurufen.",80,0,443,0,25,0,389,1
"Bekannte Ports","Welcher Port wird für RDP verwendet?","Port 3389 wird für RDP (Remote Desktop Protocol) verwendet um eine Remote-Desktop-Verbindung zu einem Computer herzustellen.",80,0,443,0,22,0,3389,1
"Bekannte Ports","Welcher Port wird für MySQL-Datenbankverbindungen verwendet?","Port 3306 wird typischerweise für MySQL-Datenbankverbindungen verwendet.",80,0,443,0,3306,1,8080,0
"Bekannte Ports","Welcher Port wird für Oracle-Datenbankverbindungen verwendet?","Port 1521 wird für Oracle-Datenbankverbindungen verwendet.",80,0,443,0,1521,1,25,0
"Bekannte Ports","Welcher Port wird für Microsoft SQL Server-Datenbankverbindungen verwendet?","Port 1433 wird für Microsoft SQL Server-Datenbankverbindungen verwendet.",80,0,443,0,1433,1,25,0
"Bekannte Ports","Welcher Port wird für HTTPS-Proxyverbindungen verwendet?","Port 443 wird für HTTPS-Proxyverbindungen verwendet.",80,0,443,1,8080,0,3128,0
"Bekannte Ports","Welcher Port wird für HTTP-Proxyverbindungen verwendet?","Port 80 wird für HTTP-Proxyverbindungen verwendet.",80,1,443,0,8080,0,3128,0
"Bekannte Ports","Welcher Port wird für SMB (Server Message Block) verwendet?","Port 445 wird für SMB (Server Message Block) verwendet ein Netzwerkprotokoll das für Datei- Drucker- und andere Kommunikationsdienste in einem Netzwerk verwendet wird.",80,0,443,0,445,1,8080,0
"Bekannte Ports","Welcher Port wird für FTPS (FTP über SSL/TLS) verwendet?","Port 990 wird für FTPS (FTP über SSL/TLS) verwendet eine sichere Variante von FTP.",80,0,443,0,21,0,990,1
"Bekannte Ports","Welcher Port wird für SSH-Dateiübertragungen verwendet?","Port 22 wird für SSH-Dateiübertragungen verwendet.",22,1,23,0,25,0,80,0
"Bekannte Ports","Welche Anwendung verwendet typischerweise Port 80?","Port 80 wird typischerweise für HTTP-Verbindungen verwendet.",SMTP,0,HTTP,1,SSH,0,FTP,0
"Bekannte Ports","Welche Anwendung verwendet typischerweise Port 443?","Port 443 wird typischerweise für verschlüsselte HTTPS-Verbindungen verwendet.",HTTP,0,SMTP,0,HTTPS,1,FTP,0
"Bekannte Ports","Welche Anwendung verwendet typischerweise Port 22?","Port 22 wird typischerweise für SSH (Secure Shell) verwendet.",FTP,0,HTTP,0,SSH,1,SMTP,0
"Bekannte Ports","Welche Anwendung verwendet typischerweise Port 21?","Port 21 wird typischerweise für FTP (File Transfer Protocol) verwendet.",SSH,0,HTTP,0,FTP,1,SMTP,0
"Bekannte Ports","Welche Anwendung verwendet typischerweise Port 25?","Port 25 wird typischerweise für SMTP (Simple Mail Transfer Protocol) verwendet.",SMTP,1,HTTP,0,SSH,0,FTP,0
"Bekannte Ports","Welche Anwendung verwendet typischerweise Port 53?","Port 53 wird typischerweise für DNS (Domain Name System) verwendet.",DNS,1,HTTP,0,SSH,0,FTP,0
"Bekannte Ports","Welche Anwendung verwendet typischerweise Port 23?","Port 23 wird typischerweise für Telnet verwendet.",SSH,0,HTTP,0,FTP,0,Telnet,1
"Bekannte Ports","Welche Anwendung verwendet typischerweise Port 110?","Port 110 wird typischerweise für POP3 (Post Office Protocol Version 3) verwendet.",FTP,0,HTTP,0,POP3,1,SMTP,0
"Bekannte Ports","Welche Anwendung verwendet typischerweise Port 143?","Port 143 wird typischerweise für IMAP (Internet Message Access Protocol) verwendet.",IMAP,1,HTTP,0,SSH,0,FTP,0
"Bekannte Ports","Welche Anwendung verwendet typischerweise Port 161?","Port 161 wird typischerweise für SNMP (Simple Network Management Protocol) verwendet.",SNMP,1,HTTP,0,SSH,0,FTP,0
"Bekannte Ports","Welche Anwendung verwendet typischerweise Port 389?","Port 389 wird typischerweise für LDAP (Lightweight Directory Access Protocol) verwendet.",LDAP,1,HTTP,0,SSH,0,FTP,0
"Bekannte Ports","Welche Anwendung verwendet typischerweise Port 3389?","Port 3389 wird typischerweise für RDP (Remote Desktop Protocol) verwendet.",FTP,0,HTTP,0,SSH,0,RDP,1
"Bekannte Ports","Welche Anwendung verwendet typischerweise Port 3306?","Port 3306 wird typischerweise für MySQL-Datenbankverbindungen verwendet.",FTP,0,HTTP,0,SSH,0,MySQL,1
"Bekannte Ports","Welche Anwendung verwendet typischerweise Port 1521?","Port 1521 wird typischerweise für Oracle-Datenbankverbindungen verwendet.",FTP,0,HTTP,0,SSH,0,Oracle,1
"Bekannte Ports","Welche Anwendung verwendet typischerweise Port 1433?","Port 1433 wird typischerweise für Microsoft SQL Server-Datenbankverbindungen verwendet.",FTP,0,HTTP,0,SSH,0,"Microsoft SQL Server",1
"Bekannte Ports","Welche Anwendung verwendet typischerweise Port 3128?","Port 3128 wird typischerweise für HTTP-Proxyverbindungen verwendet.",FTP,0,HTTP,0,HTTPS,0,Proxy,1
"Bekannte Ports","Welche Anwendung verwendet typischerweise Port 445?","Port 445 wird typischerweise für SMB (Server Message Block) verwendet.",FTP,0,HTTP,0,SSH,0,SMB,1
"Bekannte Ports","Welche Anwendung verwendet typischerweise Port 990?","Port 990 wird typischerweise für FTPS (FTP über SSL/TLS) verwendet.",FTP,0,HTTP,0,HTTPS,0,FTPS,1
"Wirtschaft und Soziales","Was ist die Hauptaufgabe der Bilanz?","Die Bilanz gibt einen Überblick über das Vermögen und die Schulden eines Unternehmens.","Vermögenslage darstellen",1,Erfolgsermittlung,0,Vertriebsplanung,0,Personalplanung,0
"Wirtschaft und Soziales","Welches Gesetz regelt den Arbeitsvertrag?","Das Bürgerliche Gesetzbuch (BGB) regelt die Grundlagen des Arbeitsvertrags.",BGB,1,StGB,0,HGB,0,AGB,0
"Wirtschaft und Soziales","Wie lange beträgt die gesetzliche Kündigungsfrist für Arbeitnehmer in der Probezeit?","In der Probezeit beträgt die gesetzliche Kündigungsfrist zwei Wochen.","2 Wochen",1,"1 Monat",0,"3 Monate",0,"6 Monate",0
"Wirtschaft und Soziales","Was versteht man unter Inflation?","Inflation bezeichnet den allgemeinen Anstieg des Preisniveaus über einen bestimmten Zeitraum.","Allgemeiner Anstieg des Preisniveaus",1,"Allgemeiner Rückgang des Preisniveaus",0,"Konstantes Preisniveau",0,"Sinkende Zinsen",0
"Wirtschaft und Soziales","Was ist das Ziel der Kosten- und Leistungsrechnung?","Die Kosten- und Leistungsrechnung hat das Ziel das Betriebsergebnis zu ermitteln.","Ermittlung des Betriebsergebnisses",1,"Erstellung der Bilanz",0,"Ermittlung der Steuern",0,"Erstellung des Jahresabschlusses",0
"Wirtschaft und Soziales","Welches Organ ist in einer GmbH für die Geschäftsführung zuständig?","Der Geschäftsführer ist das leitende Organ der GmbH.",Geschäftsführer,1,Aufsichtsrat,0,Hauptversammlung,0,Beirat,0
"Wirtschaft und Soziales","Was ist die Hauptaufgabe des Marketings?","Das Marketing zielt darauf ab Kunden zu gewinnen und zu binden.",Kundengewinnung,1,Personalverwaltung,0,Finanzplanung,0,Produktentwicklung,0
"Wirtschaft und Soziales","Was ist ein Ziel der Personalentwicklung?","Die Personalentwicklung hat das Ziel die Qualifikation der Mitarbeiter zu erhöhen.","Mitarbeiterqualifikation erhöhen",1,"Produktion steigern",0,"Kosten senken",0,"Umsatz steigern",0
"Wirtschaft und Soziales","Was versteht man unter Corporate Identity?","Corporate Identity bezeichnet die Gesamtheit der Merkmale die ein Unternehmen kennzeichnen und es von anderen Unternehmen unterscheiden.",Unternehmensidentität,1,Marktanalyse,0,Produktentwicklung,0,Kostenrechnung,0
"Wirtschaft und Soziales","Was ist der Zweck einer SWOT-Analyse?","Die SWOT-Analyse dient der Identifizierung von Stärken Schwächen Chancen und Risiken eines Unternehmens.","Stärken und Schwächen analysieren",1,"Marktanteil berechnen",0,"Produktpreis festlegen",0,"Steuerlast ermitteln",0
"Wirtschaft und Soziales","Was bedeutet der Begriff 'Liquidität'?","Liquidität bezeichnet die Fähigkeit eines Unternehmens seine fälligen Zahlungsverpflichtungen zu erfüllen.",Zahlungsfähigkeit,1,Ertragskraft,0,Kapitalstruktur,0,Marktanteil,0
"Wirtschaft und Soziales","Was versteht man unter einem Bruttogehalt?","Das Bruttogehalt ist das Gehalt vor Abzug von Steuern und Sozialabgaben.","Gehalt vor Abzügen",1,"Gehalt nach Abzügen",0,"Gehalt nach Steuern",0,"Gehalt nach Sozialabgaben",0
"Wirtschaft und Soziales","Was ist eine GmbH?","Die GmbH ist eine Rechtsform mit beschränkter Haftung der Gesellschafter.","Gesellschaft mit beschränkter Haftung",1,"Gesellschaft mit begrenzter Haftung",0,"Gemeinnützige GmbH",0,"Gesellschaft mit besonderer Haftung",0
"Wirtschaft und Soziales","Was ist das Ziel des Controllings?","Das Controlling unterstützt die Unternehmensführung bei der Planung Steuerung und Kontrolle.",Unternehmenssteuerung,1,Produktverkauf,0,Werbung,0,Personalgewinnung,0
"Wirtschaft und Soziales","Was ist ein Geschäftsplan?","Ein Geschäftsplan enthält die Planung und Strategie für die Geschäftstätigkeiten eines Unternehmens.","Plan für Geschäftstätigkeiten",1,"Plan für Freizeitaktivitäten",0,"Plan für Marketingaktionen",0,"Plan für Produktionsprozesse",0
"Wirtschaft und Soziales","Welches Organ überwacht die Geschäftsführung einer AG?","Der Aufsichtsrat überwacht die Geschäftsführung des Vorstands einer AG.",Aufsichtsrat,1,Vorstand,0,Hauptversammlung,0,Beirat,0
"Wirtschaft und Soziales","Was bedeutet der Begriff 'Monopol'?","Ein Monopol liegt vor wenn ein Unternehmen eine marktbeherrschende Stellung hat.","Marktbeherrschende Stellung eines Unternehmens",1,"Marktzugang für viele Unternehmen",0,"Marktaufteilung unter vielen Unternehmen",0,"Marktzugang nur für internationale Unternehmen",0
"Wirtschaft und Soziales","Was versteht man unter dem Begriff 'Bilanzsumme'?","Die Bilanzsumme ist die Summe der Aktiva und Passiva in der Bilanz.","Summe der Aktiva und Passiva",1,"Gewinn des Unternehmens",0,"Verkaufserlöse des Unternehmens",0,"Kapital des Unternehmens",0
"Wirtschaft und Soziales","Was ist das Ziel der betrieblichen Altersvorsorge?","Die betriebliche Altersvorsorge dient der finanziellen Absicherung der Mitarbeiter im Alter.","Absicherung im Alter",1,Kostensenkung,0,Produktivitätssteigerung,0,Umsatzsteigerung,0
"Wirtschaft und Soziales","Was versteht man unter einer Dividende?","Die Dividende ist die Gewinnausschüttung an die Aktionäre eines Unternehmens.","Gewinnausschüttung an Aktionäre",1,"Gehaltszahlung an Mitarbeiter",0,"Zinszahlung an Kreditgeber",0,"Steuerzahlung an den Staat",0
"Wirtschaft und Soziales","Was ist ein Geschäftsbericht?","Ein Geschäftsbericht ist ein Jahresbericht der die Geschäftstätigkeit und die finanzielle Lage eines Unternehmens darstellt.","Jahresbericht eines Unternehmens",1,Werbeprospekt,0,Produktkatalog,0,Marktforschungsbericht,0
"Wirtschaft und Soziales","Was ist das Hauptziel der Absatzwirtschaft?","Die Absatzwirtschaft hat das Ziel Produkte und Dienstleistungen zu verkaufen.","Verkauf von Produkten",1,Kostenreduzierung,0,Mitarbeitergewinnung,0,Produktentwicklung,0
"Wirtschaft und Soziales","Was versteht man unter 'Human Resources'?","Human Resources umfasst das Personalmanagement eines Unternehmens.",Personalmanagement,1,Finanzmanagement,0,Produktionsmanagement,0,Marketing,0
"Wirtschaft und Soziales","Was ist der Zweck eines Businessplans?","Der Businessplan stellt die Geschäftsstrategie und Planung eines Unternehmens dar.","Geschäftsstrategie darstellen",1,"Produktionskosten ermitteln",0,"Mitarbeiterzahlen festlegen",0,"Steuern berechnen",0
"Wirtschaft und Soziales","Was bedeutet der Begriff 'Skonto'?","Skonto ist ein Preisnachlass der bei sofortiger oder frühzeitiger Zahlung gewährt wird.","Preisnachlass bei sofortiger Zahlung",1,"Zusätzliche Kosten bei Ratenzahlung",0,Steueraufschlag,0,Transportkosten,0
"Wirtschaft und Soziales","Was ist ein Shareholder?","Ein Shareholder ist ein Aktionär oder Anteilseigner eines Unternehmens.",Aktionär,1,Arbeitnehmer,0,Kunde,0,Lieferant,0
"Wirtschaft und Soziales","Was versteht man unter 'Corporate Governance'?","Corporate Governance umfasst die Grundsätze und Regeln der Unternehmensführung und -kontrolle.","Grundsätze der Unternehmensführung",1,Werbestrategie,0,Produktionsplanung,0,Personalentwicklung,0
"Wirtschaft und Soziales","Was ist das Ziel der Lagerhaltung?","Die Lagerhaltung hat das Ziel die Lieferfähigkeit des Unternehmens zu sichern.","Sicherung der Lieferfähigkeit",1,Kostenreduzierung,0,"Erhöhung der Mitarbeiterzufriedenheit",0,"Steigerung des Marktanteils",0
"Wirtschaft und Soziales","Was bedeutet der Begriff 'Investition'?","Eine Investition ist die langfristige Anlage von Kapital in Vermögenswerte.",Kapitalanlage,1,Steuerzahlung,0,Lohnzahlung,0,Produktverkauf,0
"Wirtschaft und Soziales","Was ist ein Ziel der Finanzbuchhaltung?","Die Finanzbuchhaltung dokumentiert alle Geschäftsvorfälle eines Unternehmens.","Dokumentation der Geschäftsvorfälle",1,Steuerplanung,0,Produktionsplanung,0,Personalplanung,0
"Wirtschaft und Soziales","Was versteht man unter dem Begriff 'Benchmarking'?","Benchmarking ist der Vergleich der eigenen Prozesse und Leistungen mit den besten Unternehmen der Branche.","Vergleich mit den besten Unternehmen",1,"Ermittlung der Produktionskosten",0,"Erstellung eines Businessplans",0,"Verwaltung der Personalakten",0
"Wirtschaft und Soziales","Was ist ein Tarifvertrag?","Ein Tarifvertrag regelt die Arbeitsbedingungen zwischen Arbeitgeber und Gewerkschaft.","Kollektive Vereinbarung zwischen Arbeitgeber und Gewerkschaft",1,Einzelarbeitsvertrag,0,"Vertrag zwischen Unternehmen und Kunde",0,Leasingvertrag,0
"Wirtschaft und Soziales","Was ist das Ziel der Marktforschung?","Die Marktforschung dient der systematischen Untersuchung eines Marktes.","Analyse des Marktes",1,Produktentwicklung,0,Personalrekrutierung,0,Finanzplanung,0
"Wirtschaft und Soziales","Was versteht man unter 'Just-in-Time'?","Just-in-Time bedeutet dass Produkte genau zum Zeitpunkt ihres Bedarfs produziert werden.","Produktion auf Abruf",1,Vorratsproduktion,0,Überproduktion,0,"Reduktion der Produktionszeit",0
"Wirtschaft und Soziales","Was ist der Zweck der gesetzlichen Unfallversicherung?","Die gesetzliche Unfallversicherung schützt Arbeitnehmer bei Arbeitsunfällen und Berufskrankheiten.","Schutz bei Arbeitsunfällen und Berufskrankheiten",1,Krankenversorgung,0,Altersvorsorge,0,Arbeitslosenversicherung,0
"Wirtschaft und Soziales","Was bedeutet der Begriff 'Bruttoinlandsprodukt' (BIP)?","Das BIP misst den Wert aller in einem Land hergestellten Güter und Dienstleistungen.","Wert aller in einem Land hergestellten Güter und Dienstleistungen",1,"Wert der Exportgüter",0,"Wert der Importgüter",0,"Wert der Steuereinnahmen",0
"Wirtschaft und Soziales","Was ist die Hauptaufgabe des Rechnungswesens?","Das Rechnungswesen erfasst und überwacht alle finanziellen Vorgänge eines Unternehmens.","Erfassung und Überwachung der finanziellen Vorgänge",1,Produktentwicklung,0,Personalmanagement,0,Marketingstrategie,0
"Wirtschaft und Soziales","Was versteht man unter einer Bilanz?","Die Bilanz zeigt das Verhältnis von Vermögen und Schulden eines Unternehmens.","Darstellung von Vermögen und Schulden",1,"Ermittlung des Umsatzes",0,"Berechnung der Steuerlast",0,"Erstellung eines Geschäftsplans",0
"Wirtschaft und Soziales","Was bedeutet der Begriff 'Kapitalrücklage'?","Kapitalrücklagen sind Eigenkapitalreserven eines Unternehmens.",Eigenkapitalreserven,1,Verbindlichkeiten,0,Gewinne,0,Abschreibungen,0
"Wirtschaft und Soziales","Was ist das Ziel der Unternehmensstrategie?","Die Unternehmensstrategie umfasst die langfristige Planung und Zielsetzung eines Unternehmens.","Langfristige Planung und Zielsetzung",1,"Kurzfristige Gewinnmaximierung",0,Steueroptimierung,0,Produktdesign,0
"Wirtschaft und Soziales","Was versteht man unter dem Begriff 'Deckungsbeitrag'?","Der Deckungsbeitrag ist die Differenz zwischen den Erlösen und den variablen Kosten.","Differenz zwischen Erlösen und variablen Kosten",1,"Summe aller Fixkosten",0,Nettoerlös,0,Bruttogewinn,0
"Wirtschaft und Soziales","Was ist die Aufgabe des Betriebsrates?","Der Betriebsrat vertritt die Interessen der Arbeitnehmer im Unternehmen.","Vertretung der Arbeitnehmerinteressen",1,"Leitung des Unternehmens",0,"Erstellung der Bilanz",0,"Planung der Produktionsprozesse",0
"Wirtschaft und Soziales","Was bedeutet der Begriff 'Liquiditätsplanung'?","Die Liquiditätsplanung stellt sicher dass ein Unternehmen seine Zahlungsfähigkeit jederzeit aufrechterhalten kann.","Planung der Zahlungsfähigkeit",1,"Planung der Lagerhaltung",0,"Planung der Produktion",0,"Planung der Personalentwicklung",0
